identifier,first_name,middle_name,last_name,email,gender,birthdate
( NEWID(), '1', 'Judas', '', 'Winsiowiecki', 'lwinsiowiecki0@weather.com', 'Male', '2015-04-27' )
( NEWID(), '2', 'Dael', 'Edwina', 'Trousdale', 'etrousdale1@skype.com', 'Female', '1995-09-28' )
( NEWID(), '3', 'Liva', 'Vera', 'Franzelini', 'vfranzelini2@furl.net', 'Female', '1997-03-18' )
( NEWID(), '4', 'Beitris', '', 'Handy', 'mhandy3@usatoday.com', 'Female', '1998-11-24' )
( NEWID(), '5', 'Linnie', 'Juline', 'Varty', 'jvarty4@techcrunch.com', 'Female', '2007-12-23' )
( NEWID(), '6', 'Kane', 'Trudi', 'Glawsop', 'tglawsop5@tuttocitta.it', 'Female', '2010-10-18' )
( NEWID(), '7', 'Fannie', '', 'Corbert', 'ncorbert6@360.cn', 'Female', '2004-02-19' )
( NEWID(), '8', 'Estrella', '', 'Giggie', 'ngiggie7@harvard.edu', 'Female', '1987-06-18' )
( NEWID(), '9', 'Winona', '', 'Bus', 'rbus8@ovh.net', 'Female', '1991-06-27' )
( NEWID(), '10', 'Nanete', 'Emmalee', 'Kurton', 'ekurton9@npr.org', 'Female', '2002-09-09' )
( NEWID(), '11', 'Celesta', '', 'Atterley', 'gatterleya@arizona.edu', 'Female', '1992-10-17')
( NEWID(), '12', 'Alec', '', 'Really', 'lreallyb@vinaora.com', 'Male', '1988-03-03' )
( NEWID(), '13', 'Cordula', '', 'McClifferty', 'amccliffertyc@angelfire.com', 'Female', '2009-04-08' )
( NEWID(), '14', 'Vassili', 'Paco', 'Hammarberg', 'phammarbergd@biglobe.ne', 'Male', '2000-06-20' )
( NEWID(), '15', 'Jerald', 'Tab', 'Kilmary', 'tkilmarye@ucsd.edu', 'Male', '1987-09-10' )
( NEWID(), '16', 'Teodorico', 'Harlan', 'Curtayne', 'hcurtaynef@umich.edu', 'Male', '2011-01-23' )
( NEWID(), '17', 'Park', '', 'Gowdridge', 'agowdridgeg@spiegel.de', 'Male', '1980-03-12' )
( NEWID(), '18', 'Karyl', '', 'Runnacles', 'brunnaclesh@google.com', 'Female', '1982-11-19' )
( NEWID(), '19', 'Margalit', '', 'Cloke', 'tclokei@princeton.edu', 'Female', '2003-02-10' )
( NEWID(), '20', 'Frasco', '', 'Prott', 'aprottj@acquirethisname.com', 'Male', '1986-03-08' )
( NEWID(), '21', 'Sioux', 'Norri', 'Ackred', 'nackredk@php.net', 'Female', '2013-06-26' )
( NEWID(), '22', 'Uta', '', 'Jurgensen', 'ljurgensenl@51.la', 'Female', '1992-02-21' )
( NEWID(), '23', 'Kelci', '', 'Austen', 'taustenm@mayoclinic.com', 'Female', '1984-01-25' )
( NEWID(), '24','Andie','Violante','De Beneditti','vdebenedittin@biblegateway.com','Female','1991-07-21' )
( NEWID(), '25', 'Monte', '', 'Kennedy', 'bkennedyo@seesaa.net', 'Male', '1988-12-02' )
( NEWID(), '26', 'Ursulina', '', 'Rendbaek', 'rrendbaekp@weebly.com', 'Female', '2005-09-04' )
( NEWID(), '27', 'Rebeka', 'Bonny', 'Bainbrigge', 'bbainbriggeq@msu.edu', 'Female', '2004-09-03' )
( NEWID(), '28', 'Cordelie', '', 'Cristou', 'gcristour@apple.com', 'Female', '2014-05-03' )
( NEWID(), '29','Guglielmo','Raimundo','Godmar','rgodmars@ebay.co.uk','Male','1994-02-04' )
( NEWID(), '30', 'Claretta', 'Arlette', 'Bernardez', 'abernardezt@scientificamerican.com', 'Female', '1988-12-12' )
( NEWID(), '31', 'Darnall', '', 'MacTeggart', 'jmacteggartu@earthlink.net', 'Male', '1994-10-08' )
( NEWID(), '32', 'Roderic', '', 'Jikovsky', 'ljikovskyv@nyu.edu', 'Male', '2015-01-23' )
( NEWID(), '33', 'Flo', 'Sherline', 'Breslane', 'sbreslanew@discovery.com', 'Female', '1992-06-26' )
( NEWID(), '34', 'Emanuele', , 'O''Siaghail', 'nosiaghailx@loc.gov', 'Agender', '1981-03-09' )
( NEWID(), '35', 'Amalia','Moselle', 'Hallock', 'mhallocky@abc.net.au', 'Female', '1988-06-22' )
( NEWID(), '36', 'Shoshanna', '', 'Skelhorn', 'lskelhornz@blogs.com', 'Female', '1995-07-28' )
( NEWID(), '37', 'Kati', 'Paola', 'Gornal', 'pgornal10@mit.edu', 'Female', '1990-04-18' )
( NEWID(), '38', 'Carlota', 'Daniella', 'Sumbler', 'dsumbler11@php.net', 'Female', '1982-02-16' )
( NEWID(), '39', 'Obediah', '', 'Iddins', 'diddins12@prweb.com', 'Male', '1980-07-04' )
( NEWID(), '40', 'Arlin', 'Darb', 'Joriot', 'djoriot13@cisco.com', 'Male', '2002-10-08' )
( NEWID(), '41', 'Ephrayim', '', 'Gieves', 'ggieves14@moonfruit.com', 'Male', '1981-11-23' )
( NEWID(), '42', 'Alanson', '', 'Gresser', 'bgresser15@wikia.com', 'Male', '2008-06-08' )
( NEWID(), '43', 'Corbin', '', 'Redfield', 'mredfield16@xrea.com', 'Male', '1996-11-20' )
( NEWID(), '44', 'Alex', '', 'Searson', 'ksearson17@wired.com', 'Female', '1998-08-11' )
( NEWID(), '45', 'Glennie', 'Trista', 'Brodnecke', 'tbrodnecke18@flavors.me', 'Female', '1989-06-12' )
( NEWID(), '46', 'Tannie', 'Terry', 'Barringer', 'tbarringer19@friendfeed.com', 'Male', '2014-12-31' )
( NEWID(), '47', 'Gawen', 'Zach', 'Pennick', 'zpennick1a@webs.com', 'Male', '2010-05-07' )
( NEWID(), '48', 'Mariam', '', 'Arnke', 'carnke1b@timesonline.co.uk', 'Female', '2001-06-30' )
( NEWID(), '49', 'Ted', '', 'Catenot', 'fcatenot1c@printfriendly.com', 'Genderfluid', '1989-05-21' )
( NEWID(), '50', 'Gus', 'Madeleine', 'Matuska', 'mmatuska1d@vinaora.com', 'Female', '1986-09-21' )
( NEWID(), '51', 'Sascha', '', 'Houseman', 'hhouseman1e@digg.com', 'Male', '1994-01-16' )
( NEWID(), '52', 'Madison', 'Kerby', 'Styan', 'kstyan1f@google.co.jp', 'Male', '2007-02-19' )
( NEWID(), '53', 'Syd', 'Wildon', 'Brauninger', 'wbrauninger1g@icq.com', 'Male', '2005-03-10' )
( NEWID(), '54', 'Ragnar', '', 'Crimin', 'mcrimin1h@miitbeian.gov.cn', 'Male', '1996-08-17' )
( NEWID(), '55', 'Saree', '', 'Sweating', 'wsweating1i@fc2.com', 'Female', '2014-02-12' )
( NEWID(), '56', 'Loy', '', 'Shellshear', 'hshellshear1j@wix.com', 'Male', '2002-10-22' )
( NEWID(), '57', 'Jean', '', 'McCardle', 'nmccardle1k@dell.com', 'Female', '2003-11-28' )
( NEWID(), '58', 'Carolee', '', 'Staziker', 'kstaziker1l@posterous.com', 'Female', '1983-12-15' )
( NEWID(), '59', 'Bar', 'Roosevelt', 'Kuhn', 'rkuhn1m@ezinearticles.com', 'Male', '1990-12-31' )
( NEWID(), '60', 'Denys', '', 'Dunkerly', 'kdunkerly1n@usnews.com', 'Female', '1999-08-23' )
( NEWID(), '61', 'Orelie', 'Arden', 'Walesby', 'awalesby1o@flavors.me', 'Female', '1998-03-02' )
( NEWID(), '62', 'Evelina', '', 'Murkin', 'bmurkin1p@spotify.com', 'Female', '1985-09-30' )
( NEWID(), '63', 'Bat', '', 'Cobbing', 'tcobbing1q@clickbank.net', 'Male', '1994-11-28' )
( NEWID(), '64', 'Darb', '', 'Aleveque', 'caleveque1r@usda.gov', 'Female', '1986-07-23' )
( NEWID(), '65', 'Olympie', 'Ariel', 'Coviello', 'acoviello1s@telegraph.co.uk', 'Genderqueer', '1984-05-11' )
( NEWID(), '66', 'Benji', 'Delano', 'Astill', 'dastill1t@ebay.co.uk', 'Male', '2009-09-25' )
( NEWID(), '67', 'Josh', '', 'Lean', 'tlean1u@sitemeter.com', 'Male', '1989-08-18' )
( NEWID(), '68', 'Corty', '', 'Josefowicz', 'tjosefowicz1v@is.gd', 'Male', '1989-03-01' )
( NEWID(), '69', 'Felix', '', 'Dallicoat', 'tdallicoat1w@yahoo.co.jp', 'Male', '2008-08-09' )
( NEWID(), '70', 'Burg', '', 'Shillabeer', 'sshillabeer1x@china.com.cn', 'Male', '2015-08-29' )
( NEWID(), '71', 'Cari', '', 'Rolley', 'srolley1y@elegantthemes.com', 'Female', '1996-05-01' )
( NEWID(), '72', 'Chrystel', '', 'Sydes', 'asydes1z@linkedin.com', 'Female', '1982-04-18' )
( NEWID(), '73', 'Vevay', 'Minny', 'Poyner', 'mpoyner20@walmart.com', 'Female', '1985-01-05' )
( NEWID(), '74', 'Lily', 'Ursala', 'Daile', 'udaile21@ameblo.jp', 'Female', '1992-06-10' )
( NEWID(), '75', 'Madelin', 'Brigida', 'Kuller', 'bkuller22@tinypic.com', 'Female', '2002-08-30' )
( NEWID(), '76', 'Magdaia', '', 'Klaussen', 'cklaussen23@4shared.com', 'Female', '1982-12-05' )
( NEWID(), '77', 'Bartie', 'Alair', 'Stuehmeyer', 'astuehmeyer24@prnewswire.com', 'Male', '1992-02-08' )
( NEWID(), '78', 'Josee', '', 'Giacubo', 'ngiacubo25@altervista.org', 'Genderfluid', '1983-03-06' )
( NEWID(), '79', 'Patsy', '', 'Padfield', 'jpadfield26@miibeian.gov.cn', 'Female', '2014-11-12' )
( NEWID(), '80', 'Beniamino', 'Branden', 'Standfield', 'bstandfield27@webeden.co.uk', 'Male', '1993-10-31' )
( NEWID(), '81', 'Cordelia', '', 'Danielis', 'kdanielis28@github.io', 'Female', '1989-06-16' )
( NEWID(), '82', 'Conrad', '', 'Lait', 'jlait29@free.fr', 'Male', '1995-12-29' )
( NEWID(), '83', 'Gino', '', 'Sammut', 'nsammut2a@washingtonpost.com', 'Male', '2003-11-02' )
( NEWID(), '84', 'Janifer', 'Annecorinne', 'Hovenden', 'ahovenden2b@home.pl', 'Female', '1983-05-25' )
( NEWID(), '85', 'Elie', 'Joan', 'Springford', 'jspringford2c@freewebs.com', 'Female', '1992-12-13' )
( NEWID(), '86', 'Jamey', '', 'Hartgill', 'thartgill2d@com.com', 'Male', '1994-10-01' )
( NEWID(), '87', 'Thorstein', '', 'Ackrill', 'sackrill2e@admin.ch', 'Male', '2009-11-25' )
( NEWID(), '88', 'Uta', 'Tisha', 'Fillan', 'tfillan2f@harvard.edu', 'Female', '1984-02-23' )
( NEWID(), '89', 'Anderea', 'Shae', 'Alvin', 'salvin2g@tmall.com', 'Female', '2015-12-07' )
( NEWID(), '90', 'Chlo', '', 'Rayson', 'prayson2h@rakuten.co.jp', 'Female', '2006-09-18' )
( NEWID(), '91', 'Latia', '', 'Brickett', 'gbrickett2i@reverbnation.com', 'Female', '2015-12-20' )
( NEWID(), '92', 'Hunter', 'Bernard', 'Jennins', 'bjennins2j@yelp.com', 'Male', '1981-10-25' )
( NEWID(), '93', 'Cherida', '', 'Downham', 'adownham2k@domainmarket.com', 'Male', '2009-06-21' )
( NEWID(), '94', 'Tuesday', '', 'Westmancoat', 'mwestmancoat2l@tinyurl.com', 'Agender', '1993-10-18' )
( NEWID(), '95', 'Carola', '', 'Roscam', 'lroscam2m@miibeian.gov.cn', 'Female', '1981-03-26' )
( NEWID(), '96', 'Lucine', '', 'Houliston', 'dhouliston2n@yale.edu', 'Female', '1980-09-11' )
( NEWID(), '97', 'Seamus', 'Benton', 'Flaunders', 'bflaunders2o@ehow.com', 'Male', '1984-08-17' )
( NEWID(), '98', 'Bucky', 'Dominik', 'Ferreiro', 'dferreiro2p@earthlink.net', 'Male', '1984-10-11' )
( NEWID(), '99', 'Netti', 'Blaine', 'Tattersfield', 'btattersfield2q@nifty.com', 'Male', '2013-06-05' )
( NEWID(), '100', 'Daisie', '', 'Levinge', 'llevinge2r@jalbum.net', 'Agender', '1984-07-24' )
( NEWID(), '101', 'Abrahan', '', 'Milner', 'bmilner2s@ask.com', 'Male', '2003-02-26' )
( NEWID(), '102', 'Bobinette', 'Evonne', 'Haveline', 'ehaveline2t@clickbank.net', 'Female', '1991-12-22' )
( NEWID(), '103', 'Lindy', '', 'Easson', 'heasson2u@comsenz.com', 'Female', '1987-12-15' )
( NEWID(), '104', 'Allie', 'Mitchael', 'Shrimptone', 'mshrimptone2v@nih.gov', 'Male', '2004-08-29' )
( NEWID(), '105', 'Myrtle', 'Berrie', 'Gurley', 'bgurley2w@delicious.com', 'Female', '1996-07-23' )
( NEWID(), '106', 'Mario', '', 'Tissell', 'ltissell2x@creativecommons.org', 'Male', '1987-01-15' )
( NEWID(), '107', 'Roz', '', 'Couper', 'kcouper2y@blinklist.com', 'Female', '2006-05-02' )
( NEWID(), '108', 'Herrick', 'Eberhard', 'Chupin', 'echupin2z@ted.com', 'Male', '2015-09-20' )
( NEWID(), '109', 'Humfrid', 'Bradley', 'Lavielle', 'blavielle30@instagram.com', 'Male', '1983-05-03' )
( NEWID(), '110', 'Beaufort', 'Chas', 'Beesley', 'cbeesley31@phoca.cz', 'Male', '2009-02-06' )
( NEWID(), '111', 'Ansel', 'Newton', 'Hauger', 'nhauger32@flickr.com', 'Male', '1989-04-26' )
( NEWID(), '112', 'Rafe', '', 'Pettiford', 'dpettiford33@amazon.co.jp', 'Male', '1987-07-06' )
( NEWID(), '113', 'Hartwell', 'Lorens', 'Dawbury', 'ldawbury34@posterous.com', 'Male', '2010-07-05' )
( NEWID(), '114', 'Maryjane', '', 'Attow', 'battow35@deviantart.com', 'Female', '1994-05-07' )
( NEWID(), '115', 'Brigham', '', 'Tolle', 'atolle36@google.com.au', 'Male', '1988-01-28' )
( NEWID(), '116', 'Seamus', 'Victoir', 'Barensky', 'vbarensky37@hibu.com', 'Male', '1988-08-03' )
( NEWID(), '117', 'Nollie', '', 'Wickardt', 'swickardt38@baidu.com', 'Female', '1987-06-01' )
( NEWID(), '118', 'Kipp', 'Marguerite', 'Gynni', 'mgynni39@ucoz.ru', 'Female', '2009-08-16' )
( NEWID(), '119', 'Hedvige', '', 'Kasman', 'dkasman3a@spiegel.de', 'Female', '1993-02-23' )
( NEWID(), '120', 'Hobey', 'Kerk', 'Makeswell', 'kmakeswell3b@mapquest.com', 'Male', '1993-09-14' )
( NEWID(), '121', 'Dona', '', 'Bascombe', 'lbascombe3c@ning.com', 'Female', '1999-11-01' )
( NEWID(), '122', 'Torrie', 'Kay', 'Lujan', 'klujan3d@vistaprint.com', 'Female', '2007-11-17' )
( NEWID(), '123', 'Griffie', '', 'Tallon', 'ctallon3e@psu.edu', 'Male', '1992-12-06' )
( NEWID(), '124', 'Simonne', 'Kirbee', 'Reville', 'kreville3f@lulu.com', 'Female', '2010-11-02' )
( NEWID(), '125', 'Gib', '', 'Fullstone', 'tfullstone3g@google.co.jp', 'Male', '2003-03-05' )
( NEWID(), '126', 'Dniren', '', 'Lynskey', 'alynskey3h@ucoz.ru', 'Female', '1980-08-05' )
( NEWID(), '127', 'Debi', '', 'Darrigone', 'edarrigone3i@vinaora.com', 'Female', '1996-09-27' )
( NEWID(), '128', 'Lezlie', '', 'Pennell', 'opennell3j@imdb.com', 'Female', '2015-11-07' )
( NEWID(), '129', 'Britteny', 'Ebba', 'Collings', 'ecollings3k@4shared.com', 'Female', '1996-06-03' )
( NEWID(), '130', 'Peggy', 'Florida', 'Forder', 'fforder3l@unicef.org', 'Female', '1993-11-15' )
( NEWID(), '131', 'Charmaine', '', 'Boat', 'tboat3m@engadget.com', 'Female', '2004-10-28' )
( NEWID(), '132', 'Cornell', 'Marlowe', 'Di Giorgio', 'mdigiorgio3n@hud.gov', 'Male', '1986-03-30' )
( NEWID(), '133', 'Ximenez', '', 'Stoyle', 'istoyle3o@instagram.com', 'Male', '1998-02-07' )
( NEWID(), '134', 'Maurice', '', 'Gilks', 'mgilks3p@homestead.com', 'Male', '1993-04-30' )
( NEWID(), '135', 'Carilyn', '', 'Vondracek', 'bvondracek3q@yale.edu', 'Female', '1986-12-06' )
( NEWID(), '136', 'Maximo', '', 'Peploe', 'cpeploe3r@marketwatch.com', 'Male', '2013-08-28' )
( NEWID(), '137', 'Julita', '', 'Illidge', 'rillidge3s@yahoo.co.jp', 'Female', '1986-03-28' )
( NEWID(), '138', 'Jourdain', '', 'Oliff', 'toliff3t@ustream.tv', 'Male', '2001-04-30' )
( NEWID(), '139', 'Wynne', '', 'Lawdham', 'rlawdham3u@mysql.com', 'Female', '1991-04-12' )
( NEWID(), '140', 'Nita', 'Devin', 'Sponton', 'dsponton3v@zimbio.com', 'Female', '1987-10-04' )
( NEWID(), '141', 'Carol-jean', 'Kyle', 'Boyda', 'kboyda3w@biglobe.ne.jp', 'Female', '1989-01-15' )
( NEWID(), '142', 'Paddy', '', 'Penrose', 'npenrose3x@mlb.com', 'Male', '1992-12-05' )
( NEWID(), '143', 'Gustavo', 'Rollins', 'Livesley', 'rlivesley3y@state.tx.us', 'Male', '1991-02-25' )
( NEWID(), '144', 'Keri', 'Addy', 'Follacaro', 'afollacaro3z@pinterest.com', 'Female', '1998-06-10' )
( NEWID(), '145', 'Gallard', '', 'Penberthy', 'tpenberthy40@paypal.com', 'Male', '2001-09-01' )
( NEWID(), '146', 'Xaviera', 'Seka', 'Yashaev', 'syashaev41@comsenz.com', 'Female', '2008-01-19' )
( NEWID(), '147', 'Deny', 'Bettina', 'Gounod', 'bgounod42@weather.com', 'Female', '2005-09-29' )
( NEWID(), '148', 'Britta', 'Harriet', 'Keling', 'hkeling43@163.com', 'Female', '2011-01-20' )
( NEWID(), '149', 'Shay', 'Elsie', 'Kopje', 'ekopje44@dion.ne.jp', 'Male', '1988-06-30' )
( NEWID(), '150', 'Marin', 'Lucienne', 'Sagar', 'lsagar45@pbs.org', 'Female', '1997-03-03' )
( NEWID(), '151', 'Obediah', 'Barr', 'Hustings', 'bhustings46@opera.com', 'Male', '1988-12-26' )
( NEWID(), '152', 'Karrah', '', 'Scutter', 'bscutter47@ovh.net', 'Female', '1997-06-23' )
( NEWID(), '153', 'Phip', '', 'Ventam', 'rventam48@blogspot.com', 'Male', '1989-03-27' )
( NEWID(), '154', 'Bent', 'Hebert', 'Morales', 'hmorales49@irs.gov', 'Male', '1988-02-01' )
( NEWID(), '155', 'Read', 'Reginald', 'Ingre', 'ringre4a@dropbox.com', 'Male', '1988-06-18' )
( NEWID(), '156', 'Ruthi', 'Nannette', 'Balhatchet', 'nbalhatchet4b@hc360.com', 'Female', '2009-05-03' )
( NEWID(), '157', 'Staford', 'Marlow', 'Keeling', 'mkeeling4c@npr.org', 'Male', '1987-06-10' )
( NEWID(), '158', 'Margit', 'Odelia', 'Ecclesall', 'oecclesall4d@ca.gov', 'Female', '2003-12-26' )
( NEWID(), '159', 'Olive', 'Kipp', 'Hatfield', 'khatfield4e@canalblog.com', 'Female', '1999-06-30' )
( NEWID(), '160', 'Kurtis', 'Janos', 'Guillford', 'jguillford4f@dailymail.co.uk', 'Male', '1983-12-26' )
( NEWID(), '161', 'Dermot', 'Haslett', 'De Barrett', 'hdebarrett4g@miitbeian.gov.cn', 'Male', '2014-04-23' )
( NEWID(), '162', 'Jehu', '', 'Caroline', 'rcaroline4h@deviantart.com', 'Male', '2001-08-03' )
( NEWID(), '163', 'Hallsy', 'Ansel', 'Trundler', 'atrundler4i@shop-pro.jp', 'Male', '1986-11-14' )
( NEWID(), '164', 'Nefen', '', 'Kingsford', 'pkingsford4j@jugem.jp', 'Male', '2014-04-21' )
( NEWID(), '165', 'Lucina', '', 'Ruegg', 'aruegg4k@yellowpages.com', 'Female', '1994-07-27' )
( NEWID(), '166', 'Bourke', '', 'Burleton', 'dburleton4l@answers.com', 'Male', '2014-11-29' )
( NEWID(), '167', 'Munmro', 'Henrik', 'Bunclark', 'hbunclark4m@sohu.com', 'Male', '1981-06-06' )
( NEWID(), '168', 'Olivier', '', 'Hackelton', 'dhackelton4n@google.es', 'Male', '2001-06-04' )
( NEWID(), '169', 'Kennett', '', 'Dresche', 'hdresche4o@moonfruit.com', 'Male', '2012-04-14' )
( NEWID(), '170', 'Cozmo', '', 'Grainge', 'ngrainge4p@ocn.ne.jp', 'Male', '2011-02-22' )
( NEWID(), '171', 'Antonius', '', 'Willcocks', 'wwillcocks4q@rediff.com', 'Female', '1999-07-09' )
( NEWID(), '172', 'Levin', '', 'Burnsyde', 'jburnsyde4r@fc2.com', 'Male', '2006-08-28' )
( NEWID(), '173', 'Ferdinanda', 'Marylynne', 'Stove', 'mstove4s@cnn.com', 'Female', '2000-07-07' )
( NEWID(), '174', 'Sheppard', '', 'Surgood', 'bsurgood4t@zdnet.com', 'Male', '2014-01-25' )
( NEWID(), '175', 'Cooper', '', 'Grigorushkin', 'wgrigorushkin4u@tuttocitta.it', 'Male', '2001-12-12' )
( NEWID(), '176', 'Gina', '', 'Godspede', 'agodspede4v@xrea.com', 'Female', '2006-03-23' )
( NEWID(), '177', 'Weider', 'Anselm', 'Kos', 'akos4w@illinois.edu', 'Male', '2006-11-30' )
( NEWID(), '178', 'Ernie', 'Yorker', 'Kaveney', 'ykaveney4x@aol.com', 'Male', '2013-08-04' )
( NEWID(), '179', 'Fayre', '', 'Danick', 'gdanick4y@umich.edu', 'Female', '1988-02-24' )
( NEWID(), '180', 'Sheff', '', 'Churchman', 'kchurchman4z@cafepress.com', 'Male', '1992-08-22' )
( NEWID(), '181', 'Faythe', 'Kelsi', 'Goodrich', 'kgoodrich50@umn.edu', 'Female', '2011-06-02' )
( NEWID(), '182', 'Beverie', '', 'Govenlock', 'mgovenlock51@mapquest.com', 'Female', '1983-09-15' )
( NEWID(), '183', 'Chance', 'Monte', 'Smitheman', 'msmitheman52@techcrunch.com', 'Male', '1989-08-03' )
( NEWID(), '184', 'Pembroke', 'Gallagher', 'Mottley', 'gmottley53@youtube.com', 'Male', '1996-08-17' )
( NEWID(), '185', 'Cal', 'Marja', 'Stanway', 'mstanway54@nhs.uk', 'Female', '1996-07-05' )
( NEWID(), '186', 'Margalit', 'Adrienne', 'Doughton', 'adoughton55@meetup.com', 'Female', '2011-06-18' )
( NEWID(), '187', 'Fielding', '', 'Josefer', 'rjosefer56@google.fr', 'Male', '1983-03-30' )
( NEWID(), '188', 'Jena', 'Katrine', 'Standbridge', 'kstandbridge57@wunderground.com', 'Female', '2001-11-28' )
( NEWID(), '189', 'Martica', '', 'Mableson', 'vmableson58@theatlantic.com', 'Female', '2005-12-14' )
( NEWID(), '190', 'Crichton', '', 'Deeman', 'pdeeman59@slideshare.net', 'Genderqueer', '1989-07-21' )
( NEWID(), '191', 'Brendin', 'Rudd', 'Betjeman', 'rbetjeman5a@guardian.co.uk', 'Male', '2012-09-15' )
( NEWID(), '192', 'Patience', '', 'Christophers', 'lchristophers5b@google.ca', 'Female', '1999-02-16' )
( NEWID(), '193', 'Jordan', 'Laurena', 'MacCorley', 'lmaccorley5c@ted.com', 'Female', '1991-08-14' )
( NEWID(), '194', 'Ellswerth', '', 'Gogan', 'jgogan5d@intel.com', 'Male', '1985-10-30' )
( NEWID(), '195', 'Nanette', 'Tony', 'O''Mailey', 'tomailey5e@geocities.com', 'Female', '2009-12-23' )
( NEWID(), '196', 'Sonni', 'Eloise', 'Courtman', 'ecourtman5f@blogs.com', 'Female', '2011-01-02' )
( NEWID(), '197', 'Zondra', '', 'Webbe', 'pwebbe5g@feedburner.com', 'Female', '2005-01-27' )
( NEWID(), '198', 'Nolie', '', 'Braganza', 'pbraganza5h@cnn.com', 'Female', '2003-05-24' )
( NEWID(), '199', 'Cordelia', 'Adair', 'Castane', 'acastane5i@ehow.com', 'Female', '1994-11-08' )
( NEWID(), '200', 'Stephanus', '', 'Campos', 'lcampos5j@booking.com', 'Male', '1991-09-06' )
( NEWID(), '201', 'Catrina', 'Martita', 'Thirtle', 'mthirtle5k@un.org', 'Female', '2009-07-20' )
( NEWID(), '202', 'Dale', '', 'Lethem', 'klethem5l@ed.gov', 'Female', '1987-08-18' )
( NEWID(), '203', 'Cal', 'Jethro', 'Brandenberg', 'jbrandenberg5m@amazon.co.jp', 'Male', '1994-03-27' )
( NEWID(), '204', 'Bucky', 'Lyman', 'Jako', 'ljako5n@kickstarter.com', 'Male', '2014-06-30' )
( NEWID(), '205', 'Sharity', 'Hildegarde', 'Ianizzi', 'hianizzi5o@technorati.com', 'Female', '1987-03-02' )
( NEWID(), '206', 'Malva', '', 'Burnhill', 'aburnhill5p@washington.edu', 'Female', '2011-12-07' )
( NEWID(), '207', 'Shane', '', 'Jecock', 'ejecock5q@blogspot.com', 'Male', '1991-04-10' )
( NEWID(), '208', 'Madeleine', '', 'Hubbocks', 'rhubbocks5r@chicagotribune.com', 'Female', '1999-05-12' )
( NEWID(), '209', 'Karoly', '', 'Dullard', 'vdullard5s@tripod.com', 'Male', '1989-01-29' )
( NEWID(), '210', 'Sasha', '', 'Rengger', 'srengger5t@skyrock.com', 'Male', '1995-02-28' )
( NEWID(), '211', 'Jemimah', '', 'Lowseley', 'plowseley5u@fema.gov', 'Female', '1999-10-03' )
( NEWID(), '212', 'Doll', 'Avril', 'Noad', 'anoad5v@wikipedia.org', 'Female', '1994-12-22' )
( NEWID(), '213', 'Beryl', '', 'Kleeborn', 'ckleeborn5w@mapquest.com', 'Female', '2004-01-30' )
( NEWID(), '214', 'Eyde', 'Shawn', 'Evered', 'severed5x@parallels.com', 'Female', '1987-04-01' )
( NEWID(), '215', 'Rhett', 'Nicol', 'Kevane', 'nkevane5y@twitter.com', 'Male', '1996-03-20' )
( NEWID(), '216', 'Warren', 'Patrizius', 'Eastmond', 'peastmond5z@wufoo.com', 'Male', '2013-11-21' )
( NEWID(), '217', 'Karita', '', 'Ollington', 'mollington60@google.co.jp', 'Female', '1990-07-26' )
( NEWID(), '218', 'Shaine', '', 'Brimson', 'ebrimson61@studiopress.com', 'Female', '2009-05-08' )
( NEWID(), '219', 'Evonne', 'Laurice', 'Antonellini', 'lantonellini62@marketwatch.com', 'Female', '1990-06-25' )
( NEWID(), '220', 'Sutton', 'Talbot', 'Fishby', 'tfishby63@apache.org', 'Male', '1997-01-02' )
( NEWID(), '221', 'Margeaux', 'Darci', 'Sueter', 'dsueter64@ehow.com', 'Female', '1992-06-15' )
( NEWID(), '222', 'Celia', '', 'Whiskerd', 'swhiskerd65@un.org', 'Female', '1983-06-29' )
( NEWID(), '223', 'Heindrick', 'Mallory', 'Ragate', 'mragate66@theatlantic.com', 'Male', '1994-01-31' )
( NEWID(), '224', 'Marcellina', '', 'McInnerny', 'jmcinnerny67@diigo.com', 'Female', '2002-01-26' )
( NEWID(), '225', 'Baldwin', '', 'Ellit', 'lellit68@infoseek.co.jp', 'Male', '1997-04-29' )
( NEWID(), '226', 'Elinore', 'Aime', 'Kenton', 'akenton69@free.fr', 'Female', '1987-05-16' )
( NEWID(), '227', 'Townsend', 'Ulric', 'Maffia', 'umaffia6a@deviantart.com', 'Male', '2001-07-22' )
( NEWID(), '228', 'Noak', 'Maxy', 'Lillford', 'mlillford6b@geocities.com', 'Male', '2004-11-24' )
( NEWID(), '229', 'Dominique', '', 'Cockhill', 'zcockhill6c@berkeley.edu', 'Genderfluid', '1986-10-09' )
( NEWID(), '230', 'Dag', '', 'Haskey', 'rhaskey6d@acquirethisname.com', 'Agender', '1991-09-29' )
( NEWID(), '231', 'Evan', '', 'Dixey', 'ddixey6e@usda.gov', 'Male', '2013-03-29' )
( NEWID(), '232', 'Serge', '', 'Dulanty', 'bdulanty6f@marriott.com', 'Male', '1993-10-10' )
( NEWID(), '233', 'Theodosia', 'Mehetabel', 'Plaistowe', 'mplaistowe6g@jugem.jp', 'Female', '2006-04-03' )
( NEWID(), '234', 'Edsel', 'Ermanno', 'Linster', 'elinster6h@soup.io', 'Male', '2010-05-13' )
( NEWID(), '235', 'Hetti', '', 'Haime', 'whaime6i@census.gov', 'Female', '2000-09-07' )
( NEWID(), '236', 'Meghan', '', 'Cadwallader', 'mcadwallader6j@amazonaws.com', 'Female', '1995-06-04' )
( NEWID(), '237', 'Gardiner', '', 'Goodson', 'bgoodson6k@webnode.com', 'Male', '1982-03-19' )
( NEWID(), '238', 'Mayer', 'Gradey', 'Grzesiak', 'ggrzesiak6l@samsung.com', 'Male', '1994-11-20' )
( NEWID(), '239', 'Hillary', '', 'Ast', 'sast6m@comsenz.com', 'Male', '1980-09-15' )
( NEWID(), '240', 'Mina', '', 'MacDunlevy', 'amacdunlevy6n@tripod.com', 'Female', '1980-03-27' )
( NEWID(), '241', 'Neils', 'Flynn', 'McKimmie', 'fmckimmie6o@mit.edu', 'Male', '2008-08-13' )
( NEWID(), '242', 'Filmer', '', 'Gouldie', 'kgouldie6p@jalbum.net', 'Male', '2012-02-03' )
( NEWID(), '243', 'Juditha', '', 'Bengal', 'mbengal6q@epa.gov', 'Female', '1983-06-22' )
( NEWID(), '244', 'Chickie', '', 'Axup', 'oaxup6r@princeton.edu', 'Male', '1988-03-06' )
( NEWID(), '245', 'Ferrel', 'Tara', 'Normanton', 'tnormanton6s@mediafire.com', 'Male', '1994-12-13' )
( NEWID(), '246', 'Laryssa', 'Lorette', 'Woods', 'lwoods6t@i2i.jp', 'Genderqueer', '2000-09-02' )
( NEWID(), '247', 'Cissy', 'Grazia', 'Cruise', 'gcruise6u@biglobe.ne.jp', 'Female', '2007-01-26' )
( NEWID(), '248', 'Phebe', '', 'Fells', 'cfells6v@sciencedaily.com', 'Female', '1983-09-06' )
( NEWID(), '249', 'Arline', 'Sloan', 'Jagger', 'sjagger6w@forbes.com', 'Genderqueer', '1994-06-17' )
( NEWID(), '250', 'Darill', 'Harrison', 'Chenery', 'hchenery6x@nytimes.com', 'Male', '1980-03-30' )
( NEWID(), '251', 'Bear', '', 'Kairns', 'ykairns6y@discuz.net', 'Male', '1991-06-06' )
( NEWID(), '252', 'Kingsley', '', 'Badman', 'nbadman6z@slashdot.org', 'Male', '1993-10-23' )
( NEWID(), '253', 'Chase', '', 'Izod', 'lizod70@weibo.com', 'Male', '2007-03-24' )
( NEWID(), '254', 'Marc', 'Filip', 'Lishman', 'flishman71@spiegel.de', 'Male', '1982-05-21' )
( NEWID(), '255', 'Jeralee', 'Etta', 'Boschmann', 'eboschmann72@pen.io', 'Female', '2005-06-26' )
( NEWID(), '256', 'Austen', '', 'Fairlie', 'kfairlie73@arizona.edu', 'Male', '1982-07-30' )
( NEWID(), '257', 'Leonhard', '', 'Gossington', 'ggossington74@unc.edu', 'Male', '2005-09-04' )
( NEWID(), '258', 'Patrica', 'Veriee', 'Vautrey', 'vvautrey75@cnn.com', 'Female', '1993-02-06' )
( NEWID(), '259', 'Ryan', 'Garv', 'Willcott', 'gwillcott76@opensource.org', 'Male', '1981-11-18' )
( NEWID(), '260', 'Tiffie', '', 'Issakov', 'iissakov77@samsung.com', 'Female', '2003-09-28' )
( NEWID(), '261', 'Henderson', '', 'Kelby', 'ckelby78@wikia.com', 'Male', '1996-06-08' )
( NEWID(), '262', 'Domini', 'Dyann', 'Cutmare', 'dcutmare79@360.cn', 'Female', '1984-03-03' )
( NEWID(), '263', 'Whittaker', 'Lesley', 'Mariaud', 'lmariaud7a@devhub.com', 'Male', '1991-04-23' )
( NEWID(), '264', 'Oriana', '', 'Largan', 'nlargan7b@timesonline.co.uk', 'Female', '2001-01-08' )
( NEWID(), '265', 'Dora', '', 'Clappson', 'kclappson7c@yale.edu', 'Female', '1982-07-06' )
( NEWID(), '266', 'Henriette', '', 'Alldread', 'malldread7d@nationalgeographic.com', 'Genderqueer', '2001-09-30' )
( NEWID(), '267', 'Zitella', '', 'Kiljan', 'pkiljan7e@seesaa.net', 'Male', '2010-01-03' )
( NEWID(), '268', 'Jedediah', 'Dalis', 'Carrington', 'dcarrington7f@usatoday.com', 'Male', '2013-01-09' )
( NEWID(), '269', 'Kris', 'Loreen', 'Jentet', 'ljentet7g@npr.org', 'Female', '1993-09-17' )
( NEWID(), '270', 'Marylynne', 'Melita', 'Flament', 'mflament7h@umich.edu', 'Female', '1991-07-27' )
( NEWID(), '271', 'Benjy', '', 'Franzolini', 'nfranzolini7i@jimdo.com', 'Male', '2005-07-01' )
( NEWID(), '272', 'Delcina', '', 'O''Lahy', 'colahy7j@dedecms.com', 'Female', '1999-01-31' )
( NEWID(), '273', 'Bondie', 'Kennett', 'Behrens', 'kbehrens7k@wikispaces.com', 'Male', '2006-09-17' )
( NEWID(), '274', 'Ellyn', '', 'Bondesen', 'cbondesen7l@prnewswire.com', 'Female', '1986-04-12' )
( NEWID(), '275', 'Rossy', 'Isidoro', 'Hachard', 'ihachard7m@ehow.com', 'Male', '2009-12-26' )
( NEWID(), '276', 'Felipe', 'Mycah', 'Warr', 'mwarr7n@mail.ru', 'Male', '2005-10-20' )
( NEWID(), '277', 'Caddric', 'Raffaello', 'Fairs', 'rfairs7o@networksolutions.com', 'Male', '1994-08-24' )
( NEWID(), '278', 'Maris', 'Faina', 'MacDonough', 'fmacdonough7p@goo.ne.jp', 'Female', '2006-09-30' )
( NEWID(), '279', 'Virgina', 'Marje', 'Alger', 'malger7q@rakuten.co.jp', 'Female', '1982-01-31' )
( NEWID(), '280', 'Lamond', 'Lothario', 'Monkeman', 'lmonkeman7r@reference.com', 'Genderfluid', '2013-10-18' )
( NEWID(), '281', 'Jake', '', 'Cow', 'mcow7s@elegantthemes.com', 'Male', '2010-09-07' )
( NEWID(), '282', 'Kizzie', 'Angeline', 'Bolingbroke', 'abolingbroke7t@paginegialle.it', 'Genderqueer', '2007-01-25' )
( NEWID(), '283', 'Paulette', '', 'Wolffers', 'gwolffers7u@statcounter.com', 'Female', '1986-11-25' )
( NEWID(), '284', 'Jinny', '', 'Kolis', 'dkolis7v@icio.us', 'Female', '1985-02-12' )
( NEWID(), '285', 'Larissa', '', 'Darwin', 'adarwin7w@time.com', 'Female', '1994-03-12' )
( NEWID(), '286', 'Theodora', 'Addie', 'Shepeard', 'ashepeard7x@chicagotribune.com', 'Female', '2012-11-08' )
( NEWID(), '287', 'Tito', 'Moises', 'Filshin', 'mfilshin7y@parallels.com', 'Male', '1984-08-17' )
( NEWID(), '288', 'Jeramey', 'Barron', 'Britian', 'bbritian7z@imageshack.us', 'Male', '2013-09-13' )
( NEWID(), '289', 'Chane', '', 'Petrowsky', 'apetrowsky80@dyndns.org', 'Female', '1986-11-12' )
( NEWID(), '290', 'Del', 'Scott', 'Friett', 'sfriett81@cisco.com', 'Male', '2003-09-22' )
( NEWID(), '291', 'Clemente', 'Ashil', 'Kivell', 'akivell82@psu.edu', 'Female', '1982-12-31' )
( NEWID(), '292', 'Duffy', 'Westleigh', 'Cornthwaite', 'wcornthwaite83@ameblo.jp', 'Male', '1994-11-06' )
( NEWID(), '293', 'Dosi', '', 'Jaumet', 'gjaumet84@latimes.com', 'Female', '2008-11-23' )
( NEWID(), '294', 'Junie', 'Auguste', 'Skeath', 'askeath85@slate.com', 'Female', '2011-03-16' )
( NEWID(), '295', 'Erin', 'Wells', 'Whitloe', 'wwhitloe86@wix.com', 'Male', '1994-01-18' )
( NEWID(), '296', 'Malinde', '', 'Leyshon', 'cleyshon87@gravatar.com', 'Female', '2014-05-22' )
( NEWID(), '297', 'Coretta', 'Jana', 'Fawdrey', 'jfawdrey88@google.ru', 'Female', '2004-04-29' )
( NEWID(), '298', 'Sheff', '', 'Ifill', 'xifill89@tuttocitta.it', 'Male', '1991-12-05' )
( NEWID(), '299', 'Essy', 'Daphene', 'Mattiazzo', 'dmattiazzo8a@example.com', 'Female', '2007-12-10' )
( NEWID(), '300', 'Brooks', '', 'Easbie', 'jeasbie8b@npr.org', 'Male', '1996-06-11' )
( NEWID(), '301', 'Laryssa', 'Nevin', 'Kowal', 'nkowal8c@berkeley.edu', 'Male', '1982-03-02' )
( NEWID(), '302', 'Tris', '', 'Gouny', 'dgouny8d@bbb.org', 'Male', '1992-04-12' )
( NEWID(), '303', 'Fabiano', '', 'Merrick', 'mmerrick8e@meetup.com', 'Male', '2012-04-15' )
( NEWID(), '304', 'Curry', 'Homere', 'Braven', 'hbraven8f@comcast.net', 'Male', '2003-09-06' )
( NEWID(), '305', 'Lonny', '', 'Draycott', 'kdraycott8g@newsvine.com', 'Agender', '2000-08-08' )
( NEWID(), '306', 'Selie', '', 'Clemencon', 'aclemencon8h@sina.com.cn', 'Female', '2004-04-30' )
( NEWID(), '307', 'Nerte', '', 'Vlasenko', 'hvlasenko8i@irs.gov', 'Female', '1991-03-18' )
( NEWID(), '308', 'Tate', 'Georgie', 'Mougel', 'gmougel8j@hexun.com', 'Female', '1991-05-04' )
( NEWID(), '309', 'Ynes', 'Nissa', 'Strudwick', 'nstrudwick8k@macromedia.com', 'Female', '2006-08-23' )
( NEWID(), '310', 'Yetta', '', 'Topes', 'gtopes8l@webs.com', 'Female', '2011-05-11' )
( NEWID(), '311', 'Samuel', 'Norry', 'Taks', 'ntaks8m@si.edu', 'Male', '2005-09-07' )
( NEWID(), '312', 'Mattie', 'Willy', 'Rollason', 'wrollason8n@usgs.gov', 'Female', '1989-08-17' )
( NEWID(), '313', 'Rozele', '', 'Konrad', 'akonrad8o@bloglovin.com', 'Female', '1997-12-06' )
( NEWID(), '314', 'Lia', '', 'Lyven', 'alyven8p@aol.com', 'Female', '1995-07-30' )
( NEWID(), '315', 'Danice', '', 'Riediger', 'mriediger8q@cocolog-nifty.com', 'Female', '2000-10-11' )
( NEWID(), '316', 'Lucila', '', 'Cruft', 'rcruft8r@zimbio.com', 'Female', '2013-05-14' )
( NEWID(), '317', 'Odilia', 'Essy', 'Abbes', 'eabbes8s@nbcnews.com', 'Female', '1981-08-24' )
( NEWID(), '318', 'Jill', 'Demetra', 'MacGrath', 'dmacgrath8t@zdnet.com', 'Female', '2012-07-03' )
( NEWID(), '319', 'Vinni', '', 'MacDonogh', 'imacdonogh8u@accuweather.com', 'Female', '1982-09-22' )
( NEWID(), '320', 'Laurens', 'Flint', 'Pinkard', 'fpinkard8v@theatlantic.com', 'Male', '2002-06-02' )
( NEWID(), '321', 'Ransell', 'Dagny', 'Bransdon', 'dbransdon8w@blogger.com', 'Male', '2004-07-08' )
( NEWID(), '322', 'Moira', '', 'Ropartz', 'kropartz8x@domainmarket.com', 'Female', '1980-12-23' )
( NEWID(), '323', 'Mel', '', 'Baudesson', 'abaudesson8y@cnbc.com', 'Male', '2006-12-18' )
( NEWID(), '324', 'Lorette', 'Helen', 'Boays', 'hboays8z@usa.gov', 'Female', '1992-04-10' )
( NEWID(), '325', 'Lizabeth', '', 'Skough', 'lskough90@ibm.com', 'Female', '2000-11-08' )
( NEWID(), '326', 'Opaline', '', 'Timlett', 'ktimlett91@constantcontact.com', 'Female', '1989-06-05' )
( NEWID(), '327', 'Benedicto', '', 'Kivlin', 'ekivlin92@accuweather.com', 'Male', '1981-03-01' )
( NEWID(), '328', 'Eba', '', 'Pilch', 'jpilch93@japanpost.jp', 'Female', '1990-05-29' )
( NEWID(), '329', 'Ave', '', 'Cluff', 'bcluff94@hugedomains.com', 'Male', '1993-04-18' )
( NEWID(), '330', 'Orren', '', 'Allner', 'kallner95@bloglines.com', 'Male', '2015-11-06' )
( NEWID(), '331', 'Marys', 'Jennie', 'McGilvra', 'jmcgilvra96@ow.ly', 'Female', '2000-08-16' )
( NEWID(), '332', 'Emlynne', 'Doris', 'Scalia', 'dscalia97@yahoo.co.jp', 'Female', '1993-05-02' )
( NEWID(), '333', 'Rois', 'Dorine', 'Passmore', 'dpassmore98@skyrock.com', 'Female', '1987-11-22' )
( NEWID(), '334', 'Oliy', '', 'Keel', 'bkeel99@histats.com', 'Female', '1981-01-05' )
( NEWID(), '335', 'Gerrie', '', 'Algeo', 'aalgeo9a@shop-pro.jp', 'Female', '2012-06-26' )
( NEWID(), '336', 'Elaina', '', 'Buttrum', 'mbuttrum9b@cdc.gov', 'Female', '1986-04-20' )
( NEWID(), '337', 'Tamqrah', '', 'Kilpatrick', 'rkilpatrick9c@mtv.com', 'Female', '2012-11-24' )
( NEWID(), '338', 'Lazare', '', 'Ethridge', 'dethridge9d@lycos.com', 'Male', '1990-11-07' )
( NEWID(), '339', 'Ezri', 'Aloin', 'Reglar', 'areglar9e@google.it', 'Male', '1996-12-02' )
( NEWID(), '340', 'Ephraim', 'Bartlet', 'Bernardt', 'bbernardt9f@icio.us', 'Male', '1980-03-31' )
( NEWID(), '341', 'Malynda', '', 'Kennefick', 'vkennefick9g@bloglines.com', 'Female', '1989-01-18' )
( NEWID(), '342', 'Abey', 'Donaugh', 'Winn', 'dwinn9h@kickstarter.com', 'Male', '2010-03-26' )
( NEWID(), '343', 'Wheeler', '', 'Edworthye', 'tedworthye9i@msn.com', 'Male', '1984-03-26' )
( NEWID(), '344', 'Hana', '', 'Pennicard', 'fpennicard9j@vk.com', 'Female', '1994-02-23' )
( NEWID(), '345', 'Wesley', 'Bastian', 'Pavis', 'bpavis9k@house.gov', 'Male', '1987-10-06' )
( NEWID(), '346', 'Parker', '', 'Ovitz', 'sovitz9l@bbc.co.uk', 'Male', '1985-08-18' )
( NEWID(), '347', 'Edgard', '', 'Brewers', 'tbrewers9m@sohu.com', 'Male', '2010-07-06' )
( NEWID(), '348', 'Ashla', 'Lizabeth', 'Setch', 'lsetch9n@globo.com', 'Female', '1983-04-06' )
( NEWID(), '349', 'Edvard', '', 'Eixenberger', 'beixenberger9o@barnesandnoble.com', 'Male', '2012-07-31' )
( NEWID(), '350', 'Berke', 'Falito', 'Clavering', 'fclavering9p@google.nl', 'Male', '1990-06-23' )
( NEWID(), '351', 'Ulises', 'Rickey', 'Gunthorp', 'rgunthorp9q@wisc.edu', 'Male', '2012-01-01' )
( NEWID(), '352', 'Mommy', 'Rozelle', 'Lewzey', 'rlewzey9r@ebay.com', 'Female', '2006-04-01' )
( NEWID(), '353', 'Richie', 'Wit', 'O''Brogane', 'wobrogane9s@issuu.com', 'Male', '2010-05-05' )
( NEWID(), '354', 'Karlee', 'Katha', 'Hawthorn', 'khawthorn9t@jugem.jp', 'Female', '2012-06-14' )
( NEWID(), '355', 'Allie', 'Portie', 'Boyan', 'pboyan9u@jugem.jp', 'Male', '1998-04-16' )
( NEWID(), '356', 'Kaiser', '', 'Vonderdell', 'svonderdell9v@vkontakte.ru', 'Male', '1993-10-08' )
( NEWID(), '357', 'Isahella', '', 'Crimin', 'tcrimin9w@w3.org', 'Female', '1985-04-03' )
( NEWID(), '358', 'Manny', '', 'Lackney', 'glackney9x@wp.com', 'Male', '1995-11-04' )
( NEWID(), '359', 'Sampson', 'Karol', 'Agglione', 'kagglione9y@studiopress.com', 'Agender', '2002-02-23' )
( NEWID(), '360', 'Rhianna', 'Linea', 'Jackling', 'ljackling9z@wikia.com', 'Female', '1990-02-02' )
( NEWID(), '361', 'Clementine', 'Gilberte', 'Simonel', 'gsimonela0@mac.com', 'Female', '2002-07-23' )
( NEWID(), '362', 'Olwen', 'Phillie', 'Yakubovics', 'pyakubovicsa1@netscape.com', 'Female', '2001-09-10' )
( NEWID(), '363', 'Hannie', '', 'Patterfield', 'dpatterfielda2@sina.com.cn', 'Female', '1987-01-06' )
( NEWID(), '364', 'Anny', 'Olenka', 'Karlicek', 'okarliceka3@cloudflare.com', 'Female', '2003-07-22' )
( NEWID(), '365', 'Ivie', '', 'Griggs', 'tgriggsa4@goodreads.com', 'Female', '1995-06-07' )
( NEWID(), '366', 'Gleda', '', 'Comsty', 'kcomstya5@latimes.com', 'Female', '1998-10-11' )
( NEWID(), '367', 'Donnie', 'Jonathan', 'Curran', 'jcurrana6@flavors.me', 'Male', '2012-11-05' )
( NEWID(), '368', 'Ferris', '', 'O''Codihie', 'mocodihiea7@woothemes.com', 'Male', '1999-04-21' )
( NEWID(), '369', 'Gavra', '', 'Yerson', 'eyersona8@joomla.org', 'Female', '1980-06-08' )
( NEWID(), '370', 'Imogene', '', 'Spinas', 'lspinasa9@wikipedia.org', 'Female', '2003-10-25' )
( NEWID(), '371', 'Hoebart', '', 'Ridgewell', 'aridgewellaa@dailymail.co.uk', 'Male', '1986-07-05' )
( NEWID(), '372', 'Tabby', '', 'Alldred', 'kalldredab@cam.ac.uk', 'Genderqueer', '1994-04-29' )
( NEWID(), '373', 'Olenolin', '', 'Bangham', 'kbanghamac@google.co.uk', 'Male', '1993-05-26' )
( NEWID(), '374', 'Faythe', '', 'Templar', 'ctemplarad@slideshare.net', 'Female', '1995-11-04' )
( NEWID(), '375', 'Stephanus', '', 'Mahody', 'kmahodyae@nih.gov', 'Genderqueer', '2014-12-16' )
( NEWID(), '376', 'Baudoin', '', 'Fleckney', 'ofleckneyaf@wikispaces.com', 'Male', '2005-02-02' )
( NEWID(), '377', 'Elli', 'Jonis', 'Fockes', 'jfockesag@xinhuanet.com', 'Female', '1987-02-15' )
( NEWID(), '378', 'Anna-diana', '', 'Grason,bgrasonah@hatena.ne.jp', 'Male', '1992-05-23' )
( NEWID(), '379', 'Kellia', 'Gusella', 'Vasyutkin', 'gvasyutkinai@com.com', 'Female', '1989-08-06' )
( NEWID(), '380', 'Gabriel', 'Carolee', 'Dimitriou', 'cdimitriouaj@w3.org', 'Female', '1983-07-31' )
( NEWID(), '381', 'Orelia', '', 'Domnick', 'cdomnickak@hp.com', 'Female', '1982-02-28' )
( NEWID(), '382', 'Yancey', 'Miller', 'Josse', 'mjosseal@163.com', 'Male', '1997-03-01' )
( NEWID(), '383', 'Donny', 'Enriqueta', 'Danford', 'edanfordam@dagondesign.com', 'Female', '1982-12-16' )
( NEWID(), '384', 'Montague', '', 'Rea', 'areaan@wikia.com', 'Male', '2003-05-14' )
( NEWID(), '385', 'Liesa', 'Rica', 'Barrable', 'rbarrableao@uiuc.edu', 'Female', '1988-09-22' )
( NEWID(), '386', 'Weber', 'Terrel', 'Havelin', 'thavelinap@paypal.com', 'Male', '1983-12-30' )
( NEWID(), '387', 'Artemis', '', 'Catling', 'jcatlingaq@1und1.de', 'Male', '1991-01-28' )
( NEWID(), '388', 'Jessamyn', 'Dareen', 'Ogus', 'dogusar@dell.com', 'Genderfluid', '2001-11-27' )
( NEWID(), '389', 'Wanda', 'Karil', 'Bailess', 'kbailessas@issuu.com', 'Female', '2006-11-12' )
( NEWID(), '390', 'Angie', '', 'Draycott', 'sdraycottat@senate.gov', 'Male', '1984-11-10' )
( NEWID(), '391', 'Maximilien', 'Armand', 'Foynes', 'afoynesau@cpanel.net', 'Male', '1982-03-27' )
( NEWID(), '392', 'Nathanial', 'Jacky', 'Grosvenor', 'jgrosvenorav@amazonaws.com', 'Male', '1999-11-03' )
( NEWID(), '393', 'Lenna', 'Corina', 'MacMaster', 'cmacmasteraw@geocities.jp', 'Female', '1985-03-04' )
( NEWID(), '394', 'Alon', '', 'Larchier', 'elarchierax@oracle.com', 'Male', '2002-01-13' )
( NEWID(), '395', 'Reinhold', 'Caleb', 'Jeannel', 'cjeannelay@who.int', 'Male', '2002-11-11' )
( NEWID(), '396', 'Mill', 'Rockey', 'Warlton', 'rwarltonaz@woothemes.com', 'Male', '1980-01-27' )
( NEWID(), '397', 'Nadia', 'Sibyl', 'Gotthard', 'sgotthardsfb0@acquirethisname.com', 'Female', '2005-05-17' )
( NEWID(), '398', 'Birdie', '', 'Yarranton', 'gyarrantonb1@newyorker.com', 'Female', '1983-07-01' )
( NEWID(), '399', 'Jackie', '', 'Lupson', 'dlupsonb2@google.com.au', 'Male', '2003-06-13' )
( NEWID(), '400', 'Olenolin', '', 'Ledur', 'bledurb3@vinaora.com', 'Male', '2005-04-08' )
( NEWID(), '401', 'Curtice', 'Xenos', 'Rebanks', 'xrebanksb4@twitpic.com', 'Male', '1989-02-23' )
( NEWID(), '402', 'Mareah', '', 'Drowsfield', 'ndrowsfieldb5@slate.com', 'Female', '1992-09-07' )
( NEWID(), '403', 'Ulick', '', 'Platts', 'splattsb6@google.es', 'Male', '1997-03-16' )
( NEWID(), '404', 'Bruce', 'Diego', 'Eusden', 'deusdenb7@edublogs.org', 'Male', '2004-03-11' )
( NEWID(), '405', 'Nicoline', '', 'Nagle', 'pnagleb8@hubpages.com', 'Female', '1989-06-25' )
( NEWID(), '406', 'Kelli', '', 'Bustard', 'tbustardb9@photobucket.com', 'Female', '1991-09-16' )
( NEWID(), '407', 'Giorgio', 'Titos', 'Rowlin', 'trowlinba@csmonitor.com', 'Male', '1986-06-15' )
( NEWID(), '408', 'Aleen', '', 'Blatherwick', 'lblatherwickbb@nifty.com', 'Female', '1991-04-05' )
( NEWID(), '409', 'Hurlee', '', 'Kincey', 'tkinceybc@miibeian.gov.cn', 'Genderfluid', '1997-04-20' )
( NEWID(), '410', 'Bink', '', 'Topper', 'btopperbd@topsy.com', 'Male', '1990-03-16' )
( NEWID(), '411', 'Nate', 'Sansone', 'Antushev', 'santushevbe@umich.edu', 'Male', '1984-10-05' )
( NEWID(), '412', 'Valentine', '', 'Finkle', 'ffinklebf@a8.net', 'Male', '2005-03-23' )
( NEWID(), '413', 'Constance', 'Marysa', 'Swyer', 'mswyerbg@mashable.com', 'Female', '1996-11-11' )
( NEWID(), '414', 'Valencia', 'Nettie', 'Daniells', 'ndaniellsbh@rambler.ru', 'Female', '1990-06-14' )
( NEWID(), '415', 'Allistir', 'Mortie', 'Klouz', 'mklouzbi@weebly.com', 'Male', '1984-04-27' )
( NEWID(), '416', 'Cass', '', 'Calvie', 'acalviebj@miibeian.gov.cn', 'Female', '1981-01-20' )
( NEWID(), '417', 'Lock', '', 'Broddle', 'dbroddlebk@twitter.com', 'Male', '1986-01-15' )
( NEWID(), '418', 'Kiley', '', 'Vero', 'dverobl@squidoo.com', 'Female', '1997-07-21' )
( NEWID(), '419', 'Margarethe', '', 'Bairnsfather', 'ybairnsfatherbm@ebay.com', 'Female', '1983-01-13' )
( NEWID(), '420', 'Kinny', '', 'Dobbson', 'ddobbsonbn@sourceforge.net', 'Male', '1991-10-13' )
( NEWID(), '421', 'Matthaeus', '', 'Stagg', 'bstaggbo@webs.com', 'Genderfluid', '1987-07-20' )
( NEWID(), '422', 'Antonin', '', 'Schwandt', 'aschwandtbp@disqus.com', 'Male', '1994-03-08' )
( NEWID(), '423', 'Paddie', 'Benji', 'Double', 'bdoublebq@cdc.gov', 'Male', '2014-01-06' )
( NEWID(), '424', 'Candace', '', 'Haslen', 'dhaslenbr@umich.edu', 'Female', '2010-10-26' )
( NEWID(), '425', 'Nathaniel', '', 'Murie', 'lmuriebs@creativecommons.org', 'Male', '2008-03-04' )
( NEWID(), '426', 'Jarret', '', 'Dolden', 'ldoldenbt@gnu.org', 'Male', '1983-02-20' )
( NEWID(), '427', 'Barnabe', '', 'Hickford', 'mhickfordbu@artisteer.com', 'Male', '2013-09-09' )
( NEWID(), '428', 'Talbot', '', 'Halleday', 'rhalledaybv@youku.com', 'Male', '1983-02-22' )
( NEWID(), '429', 'Bentlee', '', 'Pavek', 'cpavekbw@webnode.com', 'Male', '1996-07-13' )
( NEWID(), '430', 'Hetty', 'Rorie', 'De Mattei', 'rdematteibx@scientificamerican.com', 'Female', '1998-12-25' )
( NEWID(), '431', 'Hope', 'Gwenora', 'Loveguard', 'gloveguardby@mail.ru', 'Female', '1984-08-03' )
( NEWID(), '432', 'Marsiella', 'Eliza', 'Winborn', 'ewinbornbz@slashdot.org', 'Female', '2004-01-25' )
( NEWID(), '433', 'Reta', 'Kellina', 'Nice', 'knicec0@google.co.jp', 'Agender', '2014-12-27' )
( NEWID(), '434', 'Jackie', '', 'Lain', 'mlainc1@miibeian.gov.cn', 'Male', '1990-12-19' )
( NEWID(), '435', 'Mart', 'Gilberto', 'Haslock', 'ghaslockc2@amazon.co.uk', 'Male', '2005-09-30' )
( NEWID(), '436', 'Sayers', 'Obadias', 'Tomkin', 'otomkinc3@ucoz.com', 'Male', '1995-03-07' )
( NEWID(), '437', 'Carlo', 'Virgil', 'Engel', 'vengelc4@macromedia.com', 'Male', '2015-03-15' )
( NEWID(), '438', 'Jocelyne', '', 'Sackur', 'csackurc5@ow.ly', 'Agender', '2004-11-06' )
( NEWID(), '439', 'Van', '', 'Bickerdicke', 'mbickerdickec6@shinystat.com', 'Female', '1995-09-22' )
( NEWID(), '440', 'Clarey', 'Alfie', 'Chataignier', 'achataignierc7@chronoengine.com', 'Female', '2006-04-25' )
( NEWID(), '441', 'Julia', 'Gerrilee', 'Tremlett', 'gtremlettc8@unicef.org', 'Female', '2008-06-09' )
( NEWID(), '442', 'Ramonda', '', 'Redley', 'wredleyc9@un.org', 'Female', '1991-03-13' )
( NEWID(), '443', 'Wilona', '', 'Sallowaye', 'hsallowayeca@paginegialle.it', 'Female', '1985-11-06' )
( NEWID(), '444', 'Aldus', 'Ilario', 'Scotter', 'iscottercb@slideshare.net', 'Male', '2011-12-13' )
( NEWID(), '445', 'Brinn', 'Sharai', 'Parnell', 'sparnellcc@ucoz.com', 'Female', '1990-08-18' )
( NEWID(), '446', 'Otha', 'Nedi', 'Paddeley', 'npaddeleycd@topsy.com', 'Female', '1990-10-16' )
( NEWID(), '447', 'Calhoun', '', 'Tall', 'ctallce@statcounter.com', 'Male', '2012-10-13' )
( NEWID(), '448', 'Dre', 'Ree', 'Wadmore', 'rwadmorecf@java.com', 'Female', '1988-12-03' )
( NEWID(), '449', 'Rosalind', 'Audrey', 'Brittin', 'abrittincg@creativecommons.org', 'Female', '2001-11-13' )
( NEWID(), '450', 'Pincas', '', 'Hannaby', 'ehannabych@histats.com', 'Male', '1995-08-30' )
( NEWID(), '451', 'Nesta', '', 'Pummery', 'hpummeryci@smugmug.com', 'Female', '1995-09-15' )
( NEWID(), '452', 'Marv', '', 'Whytock', 'pwhytockcj@microsoft.com', 'Male', '1991-09-15' )
( NEWID(), '453', 'Tommie', '', 'Samms', 'tsammsck@nationalgeographic.com', 'Male', '1987-03-29' )
( NEWID(), '454', 'Regen', '', 'Faldo', 'nfaldocl@google.fr', 'Male', '2006-01-08' )
( NEWID(), '455', 'Raimundo', '', 'Lukins', 'clukinscm@cafepress.com', 'Male', '2009-02-08' )
( NEWID(), '456', 'Eden', 'Kyrstin', 'Top', 'ktopcn@loc.gov', 'Female', '2007-08-13' )
( NEWID(), '457', 'Sayres', 'Wyatan', 'Raikes', 'wraikesco@sitemeter.com', 'Male', '1983-05-01' )
( NEWID(), '458', 'Halimeda', '', 'Hanigan', 'shanigancp@dropbox.com', 'Female', '2012-02-12' )
( NEWID(), '459', 'Ignatius', '', 'Dibsdale', 'bdibsdalecq@mayoclinic.com', 'Male', '1996-12-03' )
( NEWID(), '460', 'Branden', 'Pancho', 'Riseborough', 'priseboroughcr@guardian.co.uk', 'Male', '1991-10-26' )
( NEWID(), '461', 'Nevile', '', 'Shalcras', 'eshalcrascs@nyu.edu', 'Male', '2002-06-24' )
( NEWID(), '462', 'Gaelan', 'Ronda', 'Towersey', 'rtowerseyct@booking.com', 'Male', '2000-07-31' )
( NEWID(), '463', 'Kathrine', 'Costa', 'Scoggans', 'cscogganscu@opensource.org', 'Agender', '1984-08-15' )
( NEWID(), '464', 'Carlynne', 'Susi', 'Coppin', 'scoppincv@slate.com', 'Genderfluid', '2005-04-02' )
( NEWID(), '465', 'Marlon', 'Darill', 'Alven', 'dalvencw@devhub.com', 'Male', '1989-09-13' )
( NEWID(), '466', 'Kareem', '', 'Kadd', 'ckaddcx@cam.ac.uk', 'Genderqueer', '2004-11-18' )
( NEWID(), '467', 'Cassi', 'Sharai', 'Dumini', 'sduminicy@blinklist.com', 'Female', '2013-02-11' )
( NEWID(), '468', 'Dermot', 'Elwyn', 'Fifield', 'efifieldcz@hc360.com', 'Male', '2008-05-24' )
( NEWID(), '469', 'Tedra', '', 'Tweedlie', 'dtweedlied0@vkontakte.ru', 'Female', '2014-10-19' )
( NEWID(), '470', 'Jonathon', '', 'Swaffield', 'bswaffieldd1@de.vu', 'Male', '2015-12-20' )
( NEWID(), '471', 'Dilan', '', 'Stubbes', 'tstubbesd2@businessinsider.com', 'Male', '2004-07-17' )
( NEWID(), '472', 'Vanya', '', 'Lorman', 'blormand3@ifeng.com', 'Male', '1986-02-02' )
( NEWID(), '473', 'Hewie', 'Hilly', 'Hintze', 'hhintzed4@slashdot.org', 'Male', '1997-01-01' )
( NEWID(), '474', 'Gretta', 'Martguerita', 'Anmore', 'manmored5@nasa.gov', 'Female', '2015-06-14' )
( NEWID(), '475', 'Laurent', 'Stanislaus', 'Damiral', 'sdamirald6@wiley.com', 'Male', '2014-10-04' )
( NEWID(), '476', 'Danni', 'Frieda', 'Gerrietz', 'fgerrietzd7@gravatar.com', 'Female', '2009-10-05' )
( NEWID(), '477', 'Debbi', '', 'Bruck', 'mbruckd8@edublogs.org', 'Female', '1981-02-09' )
( NEWID(), '478', 'Jacqueline', 'Britteny', 'Cooling', 'bcoolingd9@reverbnation.com', 'Female', '2006-05-21' )
( NEWID(), '479', 'Zenia', '', 'Wharin', 'bwharinda@tiny.cc', 'Female', '1993-01-27' )
( NEWID(), '480', 'Verge', 'Michel', 'Jeffry', 'mjeffrydb@artisteer.com', 'Male', '2008-05-11' )
( NEWID(), '481', 'Raff', 'Marshall', 'O''Dowgaine', 'modowgainedc@virginia.edu', 'Male', '1996-08-31' )
( NEWID(), '482', 'Adam', '', 'Crackett', 'dcrackettdd@ted.com', 'Male', '1989-01-25' )
( NEWID(), '483', 'Lou', '', 'MacDirmid', 'amacdirmidde@usgs.gov', 'Male', '1984-04-08' )
( NEWID(), '484', 'Alasdair', '', 'Kendred', 'wkendreddf@archive.org', 'Male', '2005-07-19' )
( NEWID(), '485', 'Janos', 'Merry', 'Dablin', 'mdablindg@reddit.com', 'Male', '1992-01-08' )
( NEWID(), '486', 'Dorothee', '', 'Cella', 'mcelladh@globo.com', 'Female', '1984-03-13' )
( NEWID(), '487', 'Gustave', 'Maxim', 'Dwyr', 'mdwyrdi@cloudflare.com', 'Male', '2014-06-14' )
( NEWID(), '488', 'Sarene', 'Joe', 'Rivilis', 'jrivilisdj@ucsd.edu', 'Female', '2004-06-28' )
( NEWID(), '489', 'Kit', '', 'Ondrusek', 'kondrusekdk@weebly.com', 'Male', '2003-07-30' )
( NEWID(), '490', 'Mitchael', '', 'Milington', 'gmilingtondl@jiathis.com', 'Male', '1995-06-02' )
( NEWID(), '491', 'Burke', '', 'Petrovsky', 'wpetrovskydm@yellowpages.com', 'Male', '1982-09-13' )
( NEWID(), '492', 'Tabor', '', 'Olligan', 'eolligandn@mozilla.org', 'Male', '2010-02-07' )
( NEWID(), '493', 'Robbie', '', 'Lovelady', 'cloveladydo@fc2.com', 'Female', '2012-04-12' )
( NEWID(), '494', 'Earlie', '', 'Tilt', 'utiltdp@last.fm', 'Male', '1996-11-12' )
( NEWID(), '495', 'Moyna', 'Carlynn', 'Duce', 'cducedq@home.pl', 'Female', '2011-12-06' )
( NEWID(), '496', 'Daisey', 'Emmie', 'Pinnocke', 'epinnockedr@chicagotribune.com', 'Female', '2012-12-02' )
( NEWID(), '497', 'Manfred', 'El', 'Weekly', 'eweeklyds@berkeley.edu', 'Male', '2010-02-20' )
( NEWID(), '498', 'Katerine', '', 'Karleman', 'okarlemandt@irs.gov', 'Female', '1996-04-07' )
( NEWID(), '499', 'Patricio', 'Enrichetta', 'Thuillier', 'ethuillierdu@google.cn', 'Genderqueer', '2007-06-05' )
( NEWID(), '500', 'Luigi', '', 'Simony', 'msimonydv@yellowbook.com', 'Male', '1998-03-31' )
( NEWID(), '501', 'Randy', 'Judi', 'Isakovic', 'jisakovicdw@virginia.edu', 'Female', '1997-05-08' )
( NEWID(), '502', 'Janifer', '', 'Laverty', 'tlavertydx@fastcompany.com', 'Agender', '2007-10-02' )
( NEWID(), '503', 'Kliment', '', 'Leatherborrow', 'vleatherborrowdy@pen.io', 'Male', '1981-10-19' )
( NEWID(), '504', 'Carlo', 'Jacobo', 'Duffin', 'jduffindz@bbb.org', 'Male', '1983-09-25' )
( NEWID(), '505', 'Yale', 'Rancell', 'Osmund', 'rosmunde0@mashable.com', 'Male', '1984-07-19' )
( NEWID(), '506', 'Henriette', '', 'Schuck', 'cschucke1@reverbnation.com', 'Female', '1981-12-30' )
( NEWID(), '507', 'Parrnell', 'Tomkin', 'Mitchiner', 'tmitchinere2@last.fm', 'Male', '2006-05-13' )
( NEWID(), '508', 'Dalton', 'Ange', 'Cuncarr', 'acuncarre3@topsy.com', 'Male', '1995-03-12' )
( NEWID(), '509', 'Delia', '', 'Branca', 'gbrancae4@smh.com.au', 'Male', '1992-08-31' )
( NEWID(), '510', 'Hasheem', 'Frasquito', 'Bleaden', 'fbleadene5@devhub.com', 'Male', '2008-02-13' )
( NEWID(), '511', 'Adrianne', 'Enriqueta', 'Rundall', 'erundalle6@tuttocitta.it', 'Female', '2001-07-21' )
( NEWID(), '512', 'Niven', 'Binky', 'Du Fray', 'bdufraye7@dell.com', 'Male', '1994-01-15' )
( NEWID(), '513', 'Alasteir', 'Natty', 'Morgan', 'nmorgane8@dailymail.co.uk', 'Male', '1986-02-22' )
( NEWID(), '514', 'Earlie', '', 'Fewkes', 'yfewkese9@vkontakte.ru', 'Male', '1983-11-24' )
( NEWID(), '515', 'Kalvin', '', 'Kemston', 'ckemstonea@php.net', 'Male', '1981-07-02' )
( NEWID(), '516', 'Karolina', '', 'Supple', 'osuppleeb@live.com', 'Female', '1996-02-20' )
( NEWID(), '517', 'Zarla', '', 'Bondley', 'zbondleyec@sohu.com', 'Female', '2015-05-18' )
( NEWID(), '518', 'Nichole', '', 'Castiello', 'acastielloed@issuu.com', 'Male', '1995-05-14' )
( NEWID(), '519', 'Ruperto', 'Wiatt', 'Twitchings', 'wtwitchingsee@bizjournals.com', 'Male', '2010-05-10' )
( NEWID(), '520', 'Dulsea', 'Genvieve', 'Letterick', 'gletterickef@ehow.com', 'Female', '2008-10-13' )
( NEWID(), '521', 'Norrie', 'Anthea', 'Dornin', 'adornineg@surveymonkey.com', 'Female', '1981-10-10' )
( NEWID(), '522', 'Allie', '', 'Siemantel', 'csiemanteleh@scientificamerican.com', 'Female', '1999-06-14' )
( NEWID(), '523', 'Armando', 'Jasen', 'Gabriel', 'jgabrielei@sfgate.com', 'Male', '1982-07-07' )
( NEWID(), '524', 'Dillie', '', 'Merill', 'bmerillej@webnode.com', 'Male', '2000-07-24' )
( NEWID(), '525', 'Elnora', 'Terese', 'Spalls', 'tspallsek@europa.eu', 'Female', '1998-07-10' )
( NEWID(), '526', 'Base', 'Bartram', 'Skill', 'bskillel@cbslocal.com', 'Male', '2008-06-10' )
( NEWID(), '527', 'Anstice', 'Christine', 'Mugg', 'cmuggem@g.co', 'Female', '2013-07-06' )
( NEWID(), '528', 'Addy', 'Daron', 'McArley', 'dmcarleyen@bluehost.com', 'Female', '1995-01-13' )
( NEWID(), '529', 'Vernice', '', 'Wycherley', 'awycherleyeo@hatena.ne.jp', 'Female', '1997-05-20' )
( NEWID(), '530', 'Alessandra', 'Marsha', 'Borsay', 'mborsayep@diigo.com', 'Female', '2006-06-20' )
( NEWID(), '531', 'Ernie', 'Chester', 'Fosten', 'cfosteneq@mapquest.com', 'Male', '2007-09-10' )
( NEWID(), '532', 'Cybill', 'Laura', 'Bilam', 'lbilamer@nationalgeographic.com', 'Female', '2005-11-23' )
( NEWID(), '533', 'Blondy', 'Cassi', 'Prestidge', 'cprestidgees@intel.com', 'Female', '1990-04-30' )
( NEWID(), '534', 'Ruddy', 'Bowie', 'Izhakov', 'bizhakovet@ning.com', 'Male', '1982-01-06' )
( NEWID(), '535', 'Johnath', 'Flo', 'Pumphreys', 'fpumphreyseu@bandcamp.com', 'Female', '2004-05-06' )
( NEWID(), '536', 'Marsiella', 'Sherill', 'MacCarlich', 'smaccarlichev@drupal.org', 'Female', '1992-05-21' )
( NEWID(), '537', 'Lazaro', '', 'Gilliver', 'egilliverew@netlog.com', 'Male', '1989-06-12' )
( NEWID(), '538', 'Ulric', 'Roland', 'Dumphreys', 'rdumphreysex@so-net.ne.jp', 'Male', '1988-04-03' )
( NEWID(), '539', 'Ade', 'Arie', 'Semrad', 'asemradey@zdnet.com', 'Male', '2006-09-10' )
( NEWID(), '540', 'Kara-lynn', '', 'Musterd', 'emusterdez@networkadvertising.org', 'Female', '2002-07-16' )
( NEWID(), '541', 'Ernest', '', 'Duce', 'dducef0@usa.gov', 'Male', '1996-03-07' )
( NEWID(), '542', 'Humberto', '', 'Preto', 'hpretof1@blogtalkradio.com', 'Male', '2008-10-30' )
( NEWID(), '543', 'Neda', '', 'Assandri', 'sassandrif2@nbcnews.com', 'Female', '2015-11-06' )
( NEWID(), '544', 'Abby', '', 'Hesse', 'mhessef3@google.com', 'Male', '2003-07-10' )
( NEWID(), '545', 'Giusto', '', 'Chasles', 'gchaslesf4@rediff.com', 'Male', '2001-05-06' )
( NEWID(), '546', 'Obie', '', 'Dowse', 'hdowsef5@flavors.me', 'Male', '2012-03-14' )
( NEWID(), '547', 'Everard', '', 'Treamayne', 'streamaynef6@state.gov', 'Male', '1997-10-01' )
( NEWID(), '548', 'Carmon', '', 'Bodimeade', 'mbodimeadef7@aboutads.info', 'Genderfluid', '1998-10-26' )
( NEWID(), '549', 'Candie', '', 'O''Giany', 'mogianyf8@linkedin.com', 'Genderqueer', '2006-05-03' )
( NEWID(), '550', 'Levin', '', 'Stebbings', 'bstebbingsf9@xinhuanet.com', 'Male', '1985-04-29' )
( NEWID(), '551', 'Windy', '', 'Jeary', 'ljearyfa@yale.edu', 'Female', '1988-09-15' )
( NEWID(), '552', 'Bartlett', 'Johnnie', 'Gearing', 'jgearingfb@npr.org', 'Male', '1980-06-17' )
( NEWID(), '553', 'Drona', '', 'Hardman', 'mhardmanfc@slate.com', 'Female', '1994-04-05' )
( NEWID(), '554', 'Morgana', '', 'Spanton', 'jspantonfd@cdc.gov', 'Female', '1990-04-04' )
( NEWID(), '555', 'Maryellen', 'Libbi', 'Start', 'lstartfe@aboutads.info', 'Female', '1988-11-26' )
( NEWID(), '556', 'Fabian', '', 'Gemmell', 'fgemmellff@taobao.com', 'Male', '1986-08-11' )
( NEWID(), '557', 'Vince', 'Eduard', 'Heyfield', 'eheyfieldfg@independent.co.uk', 'Male', '2014-12-04' )
( NEWID(), '558', 'Prinz', '', 'Piercey', 'opierceyfh@unblog.fr', 'Male', '1999-05-03' )
( NEWID(), '559', 'Galven', 'Foster', 'Rowling', 'frowlingfi@independent.co.uk', 'Male', '2002-06-13' )
( NEWID(), '560', 'Clare', '', 'Lowndesbrough', 'rlowndesbroughfj@arizona.edu', 'Female', '1989-12-22' )
( NEWID(), '561', 'Annabal', 'Tobi', 'Zannuto', 'tzannutofk@tmall.com', 'Female', '2003-01-07' )
( NEWID(), '562', 'Ariela', '', 'McIlvenny', 'mmcilvennyfl@google.pl', 'Female', '1987-07-04' )
( NEWID(), '563', 'Kelbee', '', 'Garnall', 'sgarnallfm@youku.com', 'Male', '2010-01-19' )
( NEWID(), '564', 'Elena', 'Eugenia', 'Adel', 'eadelfn@ftc.gov', 'Female', '1980-12-19' )
( NEWID(), '565', 'Therine', '', 'Bennedsen', 'fbennedsenfo@skyrock.com', 'Female', '1983-03-15' )
( NEWID(), '566', 'Wilbert', '', 'Rewcastle', 'srewcastlefp@elegantthemes.com', 'Male', '1989-06-08' )
( NEWID(), '567', 'Celia', '', 'Jaggar', 'jjaggarfq@geocities.jp', 'Female', '2005-02-19' )
( NEWID(), '568', 'Meridel', 'Leda', 'Itzkovsky', 'litzkovskyfr@about.me', 'Female', '1998-12-18' )
( NEWID(), '569', 'Katharina', 'Eada', 'Dougal', 'edougalfs@weibo.com', 'Male', '2005-01-13' )
( NEWID(), '570', 'Ginnifer', '', 'Roach', 'aroachft@topsy.com', 'Female', '1985-05-19' )
( NEWID(), '571', 'Linette', 'Minne', 'Omand', 'momandfu@geocities.com', 'Female', '1981-08-23' )
( NEWID(), '572', 'Shanta', 'Tatiana', 'Maharg', 'tmahargfv@yellowpages.com', 'Female', '1996-08-21' )
( NEWID(), '573', 'Bing', 'Cody', 'Jadczak', 'cjadczakfw@sciencedaily.com', 'Male', '2011-02-03' )
( NEWID(), '574', 'Hercules', '', 'Longega', 'alongegafx@blogger.com', 'Male', '1994-04-14' )
( NEWID(), '575', 'Cole', '', 'Garnham', 'hgarnhamfy@yolasite.com', 'Male', '2013-07-26' )
( NEWID(), '576', 'Haslett', '', 'Trimnell', 'jtrimnellfz@hatena.ne.jp', 'Male', '1989-06-16' )
( NEWID(), '577', 'Aylmar', 'Melvin', 'McArdle', 'mmcardleg0@yandex.ru', 'Male', '2005-02-10' )
( NEWID(), '578', 'Terese', 'Rosalia', 'Challens', 'rchallensg1@technorati.com', 'Female', '1997-08-24' )
( NEWID(), '579', 'Eachelle', '', 'Stebbings', 'cstebbingsg2@mtv.com', 'Female', '1992-06-27' )
( NEWID(), '580', 'Sadye', 'Denyse', 'Bowes', 'dbowesg3@infoseek.co.jp', 'Female', '2009-04-07' )
( NEWID(), '581', 'Perle', 'Gunilla', 'Raisbeck', 'graisbeckg4@ihg.com', 'Female', '2012-07-07' )
( NEWID(), '582', 'Dulcie', 'Gene', 'Richardon', 'grichardong5@mlb.com', 'Female', '1996-01-24' )
( NEWID(), '583', 'Yance', 'Barron', 'Whotton', 'bwhottong6@netscape.com', 'Male', '1994-02-16' )
( NEWID(), '584', 'Arv', 'Judon', 'Garrioch', 'jgarriochg7@unc.edu', 'Male', '1981-04-16' )
( NEWID(), '585', 'Magdaia', '', 'Abrashkov', 'cabrashkovg8@dion.ne.jp', 'Female', '1994-02-12' )
( NEWID(), '586', 'Rodd', '', 'Brendel', 'bbrendelg9@blog.com', 'Male', '1983-11-05' )
( NEWID(), '587', 'Gusti', 'George', 'Kollach', 'gkollachga@utexas.edu', 'Female', '1989-08-04' )
( NEWID(), '588', 'Celie', 'Ethelind', 'Pepperill', 'epepperillgb@i2i.jp', 'Female', '2009-06-30' )
( NEWID(), '589', 'Laney', 'Brice', 'Clapshaw', 'bclapshawgc@tuttocitta.it', 'Female', '2012-09-19' )
( NEWID(), '590', 'Ches', 'Antone', 'Heintsch', 'aheintschgd@ft.com', 'Male', '1997-05-11' )
( NEWID(), '591', 'Harv', '', 'Sibbit', 'rsibbitge@wisc.edu', 'Male', '1981-08-06' )
( NEWID(), '592', 'Mannie', 'Mose', 'Bretland', 'mbretlandgf@bizjournals.com', 'Male', '1981-09-22' )
( NEWID(), '593', 'Gates', '', 'Scoon', 'mscoongg@virginia.edu', 'Female', '1997-12-17' )
( NEWID(), '594', 'Brennan', 'Spence', 'Grayshan', 'sgrayshangh@paginegialle.it', 'Male', '2011-04-04' )
( NEWID(), '595', 'Peyter', '', 'Izak', 'aizakgi@sogou.com', 'Male', '1983-01-10' )
( NEWID(), '596', 'Daryle', 'Anderson', 'Crommett', 'acrommettgj@berkeley.edu', 'Male', '1981-05-28' )
( NEWID(), '597', 'Lishe', '', 'Vernazza', 'bvernazzagk@bbb.org', 'Female', '2009-04-13' )
( NEWID(), '598', 'Penni', '', 'Caitlin', 'rcaitlingl@cmu.edu', 'Female', '1980-03-23' )
( NEWID(), '599', 'Caldwell', '', 'Moohan', 'emoohangm@auda.org.au', 'Male', '1999-08-14' )
( NEWID(), '600', 'Sandro', 'Duffy', 'Bosnell', 'dbosnellgn@statcounter.com', 'Male', '2010-03-25' )
( NEWID(), '601', 'Erhart', '', 'Milward', 'dmilwardgo@lulu.com', 'Male', '1989-08-29' )
( NEWID(), '602', 'Chick', 'Merry', 'Acaster', 'macastergp@php.net', 'Male', '2013-05-01' )
( NEWID(), '603', 'Adiana', '', 'Seivwright', 'kseivwrightgq@ycombinator.com', 'Agender', '2005-01-29' )
( NEWID(), '604', 'Patten', '', 'Barhem', 'ibarhemgr@prweb.com', 'Male', '1987-08-28' )
( NEWID(), '605', 'Issiah', '', 'Lyenyng', 'alyenynggs@deliciousdays.com', 'Male', '2005-08-07' )
( NEWID(), '606', 'Rock', '', 'Sharper', 'ksharpergt@smugmug.com', 'Male', '2008-09-16' )
( NEWID(), '607', 'Fanny', '', 'Kennsley', 'kkennsleygu@spotify.com', 'Female', '2002-04-07' )
( NEWID(), '608', 'Kaine', '', 'Lardier', 'blardiergv@smh.com.au', 'Male', '2008-10-30' )
( NEWID(), '609', 'Beret', 'Robin', 'Bausor', 'rbausorgw@123-reg.co.uk', 'Female', '1981-07-20' )
( NEWID(), '610', 'Salvidor', 'Basilius', 'Currier', 'bcurriergx@geocities.com', 'Male', '2009-11-19' )
( NEWID(), '611', 'Thomasa', 'Walliw', 'Loosely', 'wlooselygy@list-manage.com', 'Female', '2013-11-11' )
( NEWID(), '612', 'Pinchas', 'Kristoforo', 'Velez', 'kvelezgz@soundcloud.com', 'Male', '1989-10-29' )
( NEWID(), '613', 'Thebault', 'Raimondo', 'Satterfitt', 'rsatterfitth0@cocolog-nifty.com', 'Male', '1990-08-12' )
( NEWID(), '614', 'Arleyne', 'Leigh', 'Horder', 'lhorderh1@howstuffworks.com', 'Female', '2001-08-17' )
( NEWID(), '615', 'John', 'Mel', 'Banaszkiewicz', 'mbanaszkiewiczh2@taobao.com', 'Male', '2012-09-26' )
( NEWID(), '616', 'Faythe', 'Rosamond', 'Wartonby', 'rwartonbyh3@aboutads.info', 'Female', '1997-07-06' )
( NEWID(), '617', 'Jefferey', 'Car', 'Casburn', 'ccasburnh4@rediff.com', 'Male', '2015-07-26' )
( NEWID(), '618', 'Keary', 'Bryan', 'Housden', 'bhousdenh5@phoca.cz', 'Male', '1998-04-16' )
( NEWID(), '619', 'Kelsi', 'Myrtia', 'Gledstane', 'mgledstaneh6@fotki.com', 'Female', '2008-12-23' )
( NEWID(), '620', 'Cal', 'Stephine', 'Caines', 'scainesh7@uiuc.edu', 'Female', '2006-07-28' )
( NEWID(), '621', 'Harriott', '', 'Stuckey', 'gstuckeyh8@e-recht24.de', 'Female', '2011-06-17' )
( NEWID(), '622', 'Ricky', '', 'Jopson', 'ajopsonh9@blog.com', 'Female', '2013-10-29' )
( NEWID(), '623', 'Cammy', 'Evelina', 'Sunshine', 'esunshineha@unblog.fr', 'Female', '1995-07-13' )
( NEWID(), '624', 'Eddie', '', 'Rhelton', 'arheltonhb@biblegateway.com', 'Female', '2006-08-04' )
( NEWID(), '625', 'Ave', '', 'Griss', 'bgrisshc@biblegateway.com', 'Male', '1992-08-04' )
( NEWID(), '626', 'Elita', '', 'Snodin', 'asnodinhd@netlog.com', 'Female', '1998-03-23' )
( NEWID(), '627', 'Jarad', 'Cyrus', 'Dillow', 'cdillowhe@go.com', 'Male', '2011-04-02' )
( NEWID(), '628', 'Sunny', 'Avrom', 'Tarpey', 'atarpeyhf@pagesperso-orange.fr', 'Male', '1996-02-09' )
( NEWID(), '629', 'Rahel', '', 'Gillatt', 'mgillatthg@baidu.com', 'Female', '1980-12-05' )
( NEWID(), '630', 'Isis', '', 'Lorence', 'tlorencehh@tamu.edu', 'Female', '1982-07-26' )
( NEWID(), '631', 'Minnie', '', 'Dikles', 'cdikleshi@linkedin.com', 'Female', '1987-03-12' )
( NEWID(), '632', 'Dore', 'Shae', 'Mussilli', 'smussillihj@pagesperso-orange.fr', 'Female', '1994-03-04' )
( NEWID(), '633', 'Selinda', 'Tabitha', 'Brammar', 'tbrammarhk@java.com', 'Female', '2004-07-23' )
( NEWID(), '634', 'Ebeneser', 'Ashley', 'Konrad', 'akonradhl@berkeley.edu', 'Male', '1993-10-16' )
( NEWID(), '635', 'Shelia', '', 'Hearse', 'ehearsehm@lycos.com', 'Female', '2001-07-18' )
( NEWID(), '636', 'Ilyse', '', 'MacSkeaghan', 'amacskeaghanhn@kickstarter.com', 'Female', '2007-04-07' )
( NEWID(), '637', 'Aldrich', '', 'Cowderoy', 'bcowderoyho@google.com', 'Male', '2007-06-26' )
( NEWID(), '638', 'Jervis', '', 'Roskilly', 'jroskillyhp@51.la', 'Male', '2005-05-12' )
( NEWID(), '639', 'Rey', 'Chlo', 'Sand', 'csandhq@census.gov', 'Female', '2009-01-12' )
( NEWID(), '640', 'Donny', 'Perice', 'Dearell', 'pdearellhr@illinois.edu', 'Male', '1988-06-09' )
( NEWID(), '641', 'Nessa', '', 'Pretorius', 'npretoriushs@pagesperso-orange.fr', 'Female', '1987-10-27' )
( NEWID(), '642', 'Kelsey', '', 'Kubal', 'ckubalht@gizmodo.com', 'Male', '1994-06-12' )
( NEWID(), '643', 'Ab', 'Ingaberg', 'Emons', 'iemonshu@squarespace.com', 'Genderfluid', '2015-05-02' )
( NEWID(), '644', 'Suzann', '', 'Kender', 'ekenderhv@seattletimes.com', 'Female', '2013-03-15' )
( NEWID(), '645', 'Gaven', 'Ram', 'Dewbury', 'rdewburyhw@twitpic.com', 'Male', '1986-09-09' )
( NEWID(), '646', 'Kelsi', 'Sheela', 'Heikkinen', 'sheikkinenhx@behance.net', 'Female', '2009-07-31' )
( NEWID(), '647', 'Dareen', '', 'Blampied', 'mblampiedhy@bluehost.com', 'Female', '1985-08-29' )
( NEWID(), '648', 'Sadella', 'Ashlee', 'Heffer', 'ahefferhz@narod.ru', 'Female', '1984-03-04' )
( NEWID(), '649', 'Addia', 'Isahella', 'Picford', 'ipicfordi0@posterous.com', 'Female', '2003-12-05' )
( NEWID(), '650', 'Delores', '', 'Battleson', 'hbattlesoni1@sogou.com', 'Female', '2008-02-28' )
( NEWID(), '651', 'Zorine', '', 'Ewbank', 'mewbanki2@facebook.com', 'Female', '2002-05-03' )
( NEWID(), '652', 'Adiana', '', 'Skippen', 'jskippeni3@rambler.ru', 'Female', '2015-05-25' )
( NEWID(), '653', 'Rolph', '', 'Domican', 'odomicani4@cam.ac.uk', 'Male', '2005-12-09' )
( NEWID(), '654', 'Roarke', 'Stewart', 'Hayter', 'shayteri5@posterous.com', 'Male', '1996-09-01' )
( NEWID(), '655', 'Annabela', 'Millie', 'Easen', 'measeni6@google.co.jp', 'Female', '1986-11-24' )
( NEWID(), '656', 'Wyn', 'Scottie', 'Grigori', 'sgrigorii7@google.it', 'Male', '2003-08-29' )
( NEWID(), '657', 'Moise', '', 'Cuppitt', 'fcuppitti8@usnews.com', 'Male', '1980-04-15' )
( NEWID(), '658', 'Demetria', '', 'Habbershon', 'chabbershoni9@webmd.com', 'Female', '2001-04-10' )
( NEWID(), '659', 'Hy', '', 'Wiltshaw', 'fwiltshawia@fotki.com', 'Male', '2005-11-22' )
( NEWID(), '660', 'Lanni', 'Sharia', 'Vasentsov', 'svasentsovib@google.com.br', 'Female', '1994-05-30' )
( NEWID(), '661', 'Conn', 'Brandy', 'Benkin', 'bbenkinic@yelp.com', 'Male', '1999-10-11' )
( NEWID(), '662', 'Hashim', 'Tabor', 'Druery', 'tdrueryid@slate.com', 'Male', '2013-08-14' )
( NEWID(), '663', 'Milly', '', 'Codeman', 'dcodemanie@naver.com', 'Female', '2000-02-13' )
( NEWID(), '664', 'Duffie', 'Ulberto', 'Mc Mechan', 'umcmechanif@ycombinator.com', 'Male', '1985-11-20' )
( NEWID(), '665', 'Bogart', 'Sergio', 'Castagne', 'scastagneig@webeden.co.uk', 'Male', '1986-04-13' )
( NEWID(), '666', 'Tripp', '', 'Kubicek', 'ckubicekih@mediafire.com', 'Male', '2014-06-05' )
( NEWID(), '667', 'Rickie', 'Codie', 'Stirgess', 'cstirgessii@xinhuanet.com', 'Male', '2002-08-03' )
( NEWID(), '668', 'Fulvia', '', 'Crimes', 'vcrimesij@webeden.co.uk', 'Female', '1997-05-11' )
( NEWID(), '669', 'Camellia', 'Merrielle', 'Pretor', 'mpretorik@hatena.ne.jp', 'Female', '1992-06-16' )
( NEWID(), '670', 'Julianna', '', 'Vass', 'lvassil@google.pl', 'Female', '1985-07-19' )
( NEWID(), '671', 'Amalia', '', 'Jacombs', 'ljacombsim@github.com', 'Female', '2011-09-22' )
( NEWID(), '672', 'Evangeline', 'Karlyn', 'Jzak', 'kjzakin@stumbleupon.com', 'Female', '1983-12-16' )
( NEWID(), '673', 'Bathsheba', '', 'Stille', 'vstilleio@stumbleupon.com', 'Female', '2008-01-11' )
( NEWID(), '674', 'Wilie', '', 'Brognot', 'dbrognotip@digg.com', 'Female', '2000-01-25' )
( NEWID(), '675', 'Iosep', 'Gino', 'Nockalls', 'gnockallsiq@acquirethisname.com', 'Male', '2008-05-24' )
( NEWID(), '676', 'Hymie', '', 'Derye-Barrett', 'sderyebarrettir@livejournal.com', 'Male', '1995-06-27' )
( NEWID(), '677', 'Dag', '', 'Armiger', 'rarmigeris@dropbox.com', 'Male', '2004-01-14' )
( NEWID(), '678', 'Suzanna', '', 'Speke', 'cspekeit@walmart.com', 'Female', '1980-05-03' )
( NEWID(), '679', 'Harry', '', 'Guidini', 'mguidiniiu@prweb.com', 'Male', '1990-10-11' )
( NEWID(), '680', 'Anna-diane', '', 'Beacroft', 'mbeacroftiv@ox.ac.uk', 'Female', '1984-12-10' )
( NEWID(), '681', 'Huntley', '', 'Rourke', 'erourkeiw@weibo.com', 'Male', '2000-11-29' )
( NEWID(), '682', 'Fredrika', 'Karly', 'Sugge', 'ksuggeix@slideshare.net', 'Female', '2015-02-05' )
( NEWID(), '683', 'Sampson', '', 'Armor', 'earmoriy@businesswire.com', 'Male', '2003-11-17' )
( NEWID(), '684', 'Tiffani', 'Moselle', 'Dinneges', 'mdinnegesiz@hibu.com', 'Female', '1998-07-04' )
( NEWID(), '685', 'Cornela', 'Stafani', 'Merlin', 'smerlinj0@mozilla.com', 'Female', '1982-10-15' )
( NEWID(), '686', 'Tadd', 'Bale', 'Easun', 'beasunj1@jiathis.com', 'Male', '1984-08-14' )
( NEWID(), '687', 'Carlyn', '', 'Siveter', 'csiveterj2@hatena.ne.jp', 'Female', '1995-10-04' )
( NEWID(), '688', 'Karyn', '', 'Matteris', 'amatterisj3@bigcartel.com', 'Female', '2008-04-22' )
( NEWID(), '689', 'Skylar', 'Budd', 'Tunno', 'btunnoj4@state.tx.us', 'Male', '2000-11-21' )
( NEWID(), '690', 'Lem', '', 'Overpool', 'eoverpoolj5@liveinternet.ru', 'Male', '2011-04-12' )
( NEWID(), '691', 'Tobin', 'Maynard', 'Cawte', 'mcawtej6@domainmarket.com', 'Male', '2011-08-01' )
( NEWID(), '692', 'Goldie', '', 'Cowitz', 'gcowitzj7@netscape.com', 'Female', '2009-08-09' )
( NEWID(), '693', 'Carly', '', 'Portingale', 'hportingalej8@addtoany.com', 'Female', '1999-08-04' )
( NEWID(), '694', 'Wendall', 'Constantine', 'Copestick', 'ccopestickj9@squarespace.com', 'Male', '1982-12-10' )
( NEWID(), '695', 'Gretchen', '', 'MacAllester', 'lmacallesterja@domainmarket.com', 'Female', '1984-02-18' )
( NEWID(), '696', 'Rosabella', 'Jobye', 'Harbin', 'jharbinjb@w3.org', 'Female', '1990-09-27' )
( NEWID(), '697', 'Billie', '', 'Loweth', 'alowethjc@ehow.com', 'Female', '2003-08-14' )
( NEWID(), '698', 'Valeria', '', 'Frudd', 'kfruddjd@reuters.com', 'Female', '2015-05-18' )
( NEWID(), '699', 'Louie', 'Yale', 'Woodlands', 'ywoodlandsje@ucsd.edu', 'Male', '2015-08-26' )
( NEWID(), '700', 'Alisha', '', 'Grodden', 'kgroddenjf@weebly.com', 'Female', '1982-12-03' )
( NEWID(), '701', 'Muhammad', 'Phillipp', 'Arthan', 'parthanjg@webnode.com', 'Male', '2009-08-09' )
( NEWID(), '702', 'Errick', 'Thorvald', 'Russe', 'trussejh@ow.ly', 'Male', '1995-02-23' )
( NEWID(), '703', 'Meridel', 'Celinda', 'Hissett', 'chissettji@cloudflare.com', 'Female', '1980-01-22' )
( NEWID(), '704', 'Nicholas', 'Olav', 'Pease', 'opeasejj@fotki.com', 'Male', '1985-09-30' )
( NEWID(), '705', 'Gerik', 'Lincoln', 'Baszkiewicz', 'lbaszkiewiczjk@pcworld.com', 'Male', '1998-09-28' )
( NEWID(), '706', 'Maureene', '', 'Durdle', 'cdurdlejl@networkadvertising.org', 'Female', '1997-07-11' )
( NEWID(), '707', 'Bertrando', 'Harcourt', 'Grayling', 'hgraylingjm@umn.edu', 'Male', '2007-02-23' )
( NEWID(), '708', 'Celine', '', 'Pariso', 'sparisojn@desdev.cn', 'Female', '2003-02-01' )
( NEWID(), '709', 'Ali', 'Maddy', 'Echlin', 'mechlinjo@telegraph.co.uk', 'Genderfluid', '1999-04-01' )
( NEWID(), '710', 'Veronike', 'Bianca', 'Harrod', 'bharrodjp@about.com', 'Female', '1980-10-07' )
( NEWID(), '711', 'Pippa', '', 'Banisch', 'fbanischjq@spotify.com', 'Genderfluid', '2009-10-30' )
( NEWID(), '712', 'Giffie', 'Phillipp', 'Rableau', 'prableaujr@ovh.net', 'Male', '1989-09-21' )
( NEWID(), '713', 'Asa', 'Chrotoem', 'Blann', 'cblannjs@nasa.gov', 'Male', '1992-08-11' )
( NEWID(), '714', 'Noami', '', 'Arrighini', 'earrighinijt@latimes.com', 'Female', '1988-06-08' )
( NEWID(), '715', 'Adolphus', '', 'Adolthine', 'cadolthineju@epa.gov', 'Genderqueer', '1982-10-28' )
( NEWID(), '716', 'Frannie', '', 'Branton', 'wbrantonjv@miibeian.gov.cn', 'Female', '1994-02-05' )
( NEWID(), '717', 'Eydie', '', 'Burnip', 'mburnipjw@aboutads.info', 'Female', '1985-08-27' )
( NEWID(), '718', 'Anni', '', 'Kench', 'gkenchjx@spiegel.de', 'Female', '1999-12-31' )
( NEWID(), '719', 'Anthea', '', 'Arnely', 'larnelyjy@yandex.ru', 'Female', '2007-07-14' )
( NEWID(), '720', 'Benedetta', 'Darell', 'Kirley', 'dkirleyjz@prweb.com', 'Female', '1987-07-11' )
( NEWID(), '721', 'Wyatt', '', 'Barhem', 'cbarhemk0@noaa.gov', 'Agender', '2000-01-18' )
( NEWID(), '722', 'Keri', '', 'Mingotti', 'smingottik1@ning.com', 'Female', '2013-03-24' )
( NEWID(), '723', 'Krista', '', 'McSpirron', 'lmcspirronk2@ning.com', 'Female', '2007-12-24' )
( NEWID(), '724', 'Ciel', 'Penni', 'Jullian', 'pjulliank3@diigo.com', 'Female', '2008-08-01' )
( NEWID(), '725', 'Zeke', '', 'Corain', 'mcoraink4@naver.com', 'Male', '1990-06-06' )
( NEWID(), '726', 'Berry', 'Thomasine', 'Dearsley', 'tdearsleyk5@plala.or.jp', 'Female', '1990-05-02' )
( NEWID(), '727', 'Saul', 'Joaquin', 'Gligoraci', 'jgligoracik6@buzzfeed.com', 'Female', '2008-08-30' )
( NEWID(), '728', 'Honey', 'Shalne', 'Labbet', 'slabbetk7@whitehouse.gov', 'Female', '2002-12-10' )
( NEWID(), '729', 'Joelly', '', 'Trethowan', 'rtrethowank8@storify.com', 'Female', '1997-10-14' )
( NEWID(), '730', 'Erroll', 'Giselbert', 'Swancott', 'gswancottk9@jalbum.net', 'Male', '2004-04-04' )
( NEWID(), '731', 'Ferris', '', 'Stopps', 'mstoppska@acquirethisname.com', 'Male', '1990-09-17' )
( NEWID(), '732', 'Tara', 'Corabelle', 'Feldman', 'cfeldmankb@google.pl', 'Female', '2010-02-03' )
( NEWID(), '733', 'Keelia', 'Breanne', 'Benz', 'bbenzkc@shinystat.com', 'Genderfluid', '2011-07-18' )
( NEWID(), '734', 'Ruperta', '', 'McDarmid', 'hmcdarmidkd@google.de', 'Female', '2007-02-07' )
( NEWID(), '735', 'Barr', 'Any', 'Ladd', 'aladdke@bing.com', 'Male', '1998-11-17' )
( NEWID(), '736', 'Elsbeth', '', 'Cowan', 'hcowankf@people.com.cn', 'Female', '1984-01-11' )
( NEWID(), '737', 'Sephira', 'Gilly', 'Ash', 'gashkg@bravesites.com', 'Female', '1999-11-09' )
( NEWID(), '738', 'Lian', '', 'Alf', 'calfkh@hc360.com', 'Female', '1993-06-20' )
( NEWID(), '739', 'Doti', '', 'O''Dunniom', 'aodunniomki@theatlantic.com', 'Female', '2003-12-06' )
( NEWID(), '740', 'Almire', 'Cornie', 'Heliot', 'cheliotkj@spotify.com', 'Genderfluid', '2010-09-12' )
( NEWID(), '741', 'Ivonne', 'Tobi', 'Pawle', 'tpawlekk@chron.com', 'Female', '1986-08-22' )
( NEWID(), '742', 'Aldrich', 'Cleavland', 'Robrow', 'crobrowkl@elpais.com', 'Male', '2004-04-14' )
( NEWID(), '743', 'Cammy', 'Teddi', 'Saxton', 'tsaxtonkm@tinypic.com', 'Female', '2007-02-08' )
( NEWID(), '744', 'Frants', 'Jock', 'Tetther', 'jtettherkn@multiply.com', 'Male', '2013-02-22' )
( NEWID(), '745', 'Lianne', '', 'Haydock', 'ihaydockko@time.com', 'Female', '1980-06-08' )
( NEWID(), '746', 'Keefer', 'Adham', 'Boyett', 'aboyettkp@marriott.com', 'Male', '2004-11-15' )
( NEWID(), '747', 'Brandie', '', 'Pllu', 'ipllukq@technorati.com', 'Female', '2005-01-30' )
( NEWID(), '748', 'Thorin', 'Brewster', 'Eynaud', 'beynaudkr@china.com.cn', 'Male', '2012-05-22' )
( NEWID(), '749', 'Naomi', '', 'Aaron', 'aaaronks@home.pl', 'Female', '1981-11-05' )
( NEWID(), '750', 'Angela', 'Karlen', 'Treasaden', 'ktreasadenkt@wired.com', 'Female', '2001-12-12' )
( NEWID(), '751', 'Cletus', '', 'Perott', 'fperottku@diigo.com', 'Male', '1991-11-24' )
( NEWID(), '752', 'Tiertza', '', 'Tasseler', 'mtasselerkv@ucla.edu', 'Female', '2007-03-04' )
( NEWID(), '753', 'Brinn', 'Ardella', 'Bysshe', 'abysshekw@mac.com', 'Female', '2005-05-12' )
( NEWID(), '754', 'Erek', 'Farris', 'Caillou', 'fcailloukx@google.ca', 'Male', '1995-11-12' )
( NEWID(), '755', 'Cullen', 'Ingra', 'Blunden', 'iblundenky@trellian.com', 'Male', '1983-09-13' )
( NEWID(), '756', 'Lira', 'Christabella', 'Jancar', 'cjancarkz@oakley.com', 'Female', '2004-12-21' )
( NEWID(), '757', 'Meryl', 'Jena', 'McNeigh', 'jmcneighl0@smh.com.au', 'Female', '1996-04-19' )
( NEWID(), '758', 'Lizbeth', 'Valina', 'Ellice', 'vellicel1@usnews.com', 'Female', '1989-09-17' )
( NEWID(), '759', 'Allen', '', 'McIlwraith', 'mmcilwraithl2@ustream.tv', 'Male', '1999-09-13' )
( NEWID(), '760', 'Fallon', 'Andeee', 'Caser', 'acaserl3@merriam-webster.com', 'Female', '1988-06-06' )
( NEWID(), '761', 'Ximenez', 'Tomkin', 'Yousef', 'tyousefl4@weibo.com', 'Male', '1998-02-19' )
( NEWID(), '762', 'Yvette', 'Gawen', 'Andrelli', 'gandrellil5@qq.com', 'Male', '1992-02-25' )
( NEWID(), '763', 'Jaime', 'Frederique', 'Kroin', 'fkroinl6@nydailynews.com', 'Female', '1992-10-09' )
( NEWID(), '764', 'Catharina', 'Logan', 'Emm', 'lemml7@ehow.com', 'Agender', '2000-06-08' )
( NEWID(), '765', 'Dania', 'Laura', 'Reiglar', 'lreiglarl8@ebay.co.uk', 'Female', '1997-01-22' )
( NEWID(), '766', 'Logan', '', 'Duff', 'iduffl9@ucla.edu', 'Male', '1982-03-06' )
( NEWID(), '767', 'Matthieu', '', 'Holde', 'dholdela@cargocollective.com', 'Male', '2001-08-19' )
( NEWID(), '768', 'Kristo', '', 'Oxtiby', 'eoxtibylb@cmu.edu', 'Male', '2008-04-12' )
( NEWID(), '769', 'Em', '', 'Eastlake', 'feastlakelc@msu.edu', 'Female', '2003-08-10' )
( NEWID(), '770', 'Jojo', 'Donnajean', 'Arstall', 'darstallld@thetimes.co.uk', 'Female', '1992-07-09' )
( NEWID(), '771', 'Godfry', 'Mel', 'Slatten', 'mslattenle@abc.net.au', 'Male', '1989-06-20' )
( NEWID(), '772', 'Abbe', 'Brandise', 'Dufoure', 'bdufourelf@patch.com', 'Female', '2001-05-21' )
( NEWID(), '773', 'Corny', 'Shirl', 'Elvey', 'selveylg@pbs.org', 'Female', '2009-03-13' )
( NEWID(), '774', 'Elwood', 'Meir', 'Vickery', 'mvickerylh@elegantthemes.com', 'Male', '1998-12-15' )
( NEWID(), '775', 'Will', 'Dorian', 'Evensden', 'devensdenli@4shared.com', 'Genderqueer', '2005-09-12' )
( NEWID(), '776', 'Maurine', 'Rosie', 'Eich', 'reichlj@virginia.edu', 'Female', '1995-11-13' )
( NEWID(), '777', 'Wilbert', '', 'Murkin', 'mmurkinlk@independent.co.uk', 'Genderqueer', '1992-12-06' )
( NEWID(), '778', 'Salmon', 'Padget', 'Obey', 'pobeyll@oracle.com', 'Male', '1990-09-02' )
( NEWID(), '779', 'Rodi', 'Lynett', 'Davidovsky', 'ldavidovskylm@ow.ly', 'Female', '1989-05-27' )
( NEWID(), '780', 'Dugald', '', 'Cherry', 'acherryln@usgs.gov', 'Male', '1981-11-24' )
( NEWID(), '781', 'Godfrey', '', 'Kobpal', 'ekobpallo@technorati.com', 'Male', '1993-10-18' )
( NEWID(), '782', 'Marijo', 'Raine', 'Maghull', 'rmaghulllp@privacy.gov.au', 'Female', '1996-10-25' )
( NEWID(), '783', 'Rosalind', 'Elise', 'Reditt', 'eredittlq@hc360.com', 'Female', '2003-06-19' )
( NEWID(), '784', 'Darill', '', 'Warsop', 'awarsoplr@booking.com', 'Male', '2013-08-09' )
( NEWID(), '785', 'Shamus', 'Chadwick', 'Terren', 'cterrenls@bigcartel.com', 'Male', '1989-12-17' )
( NEWID(), '786', 'Millisent', '', 'Walley', 'ewalleylt@google.pl', 'Female', '1982-10-21' )
( NEWID(), '787', 'Dory', '', 'Rayman', 'rraymanlu@nyu.edu', 'Female', '1994-11-06' )
( NEWID(), '788', 'Casandra', 'Birgit', 'Lanphier', 'blanphierlv@shop-pro.jp', 'Female', '1981-03-13' )
( NEWID(), '789', 'Chic', '', 'MacMearty', 'mmacmeartylw@tinyurl.com', 'Male', '2014-08-22' )
( NEWID(), '790', 'Jacinda', '', 'Kosiada', 'ukosiadalx@gizmodo.com', 'Female', '1995-05-12' )
( NEWID(), '791', 'Lucas', '', 'de Keyser', 'fdekeyserly@smh.com.au', 'Male', '2013-03-04' )
( NEWID(), '792', 'Erika', '', 'Plante', 'zplantelz@homestead.com', 'Female', '2015-01-31' )
( NEWID(), '793', 'Elisha', '', 'Niesegen', 'cniesegenm0@dmoz.org', 'Male', '1990-06-02' )
( NEWID(), '794', 'Darlene', 'Arlinda', 'Liddiatt', 'aliddiattm1@studiopress.com', 'Female', '2005-05-07' )
( NEWID(), '795', 'Rab', 'Norby', 'Hold', 'nholdm2@angelfire.com', 'Male', '2010-01-29' )
( NEWID(), '796', 'Guthrie', '', 'Megahey', 'lmegaheym3@histats.com', 'Male', '1997-04-19' )
( NEWID(), '797', 'Yule', '', 'Yedy', 'myedym4@pagesperso-orange.fr', 'Male', '2012-12-19' )
( NEWID(), '798', 'Brewer', 'Reid', 'Goracci', 'rgoraccim5@wufoo.com', 'Male', '2000-11-23' )
( NEWID(), '799', 'Ingemar', 'Saba', 'Grisard', 'sgrisardm6@rambler.ru', 'Female', '1983-07-08' )
( NEWID(), '800', 'Marsha', '', 'Yewdell', 'myewdellm7@ning.com', 'Female', '1996-03-30' )
( NEWID(), '801', 'Blythe', 'Stephenie', 'Rhead', 'srheadm8@hostgator.com', 'Female', '1995-03-20' )
( NEWID(), '802', 'Alleen', 'Benni', 'Fraschetti', 'bfraschettim9@twitter.com', 'Female', '1980-01-07' )
( NEWID(), '803', 'Dione', '', 'Heiner', 'eheinerma@eepurl.com', 'Female', '2004-02-08' )
( NEWID(), '804', 'Karolina', 'Darb', 'Sharland', 'dsharlandmb@posterous.com', 'Female', '1984-10-26' )
( NEWID(), '805', 'Arabele', '', 'Riguard', 'sriguardmc@ft.com', 'Female', '2008-02-20' )
( NEWID(), '806', 'Bartholomeus', '', 'Robottham', 'arobotthammd@un.org', 'Female', '1983-07-19' )
( NEWID(), '807', 'Dion', '', 'Muspratt', 'mmusprattme@google.com.au', 'Male', '1996-10-24' )
( NEWID(), '808', 'Terry', 'Johnny', 'Rickasse', 'jrickassemf@ebay.com', 'Male', '2002-01-03' )
( NEWID(), '809', 'Gordie', 'Waite', 'Bilyard', 'wbilyardmg@simplemachines.org', 'Male', '1988-08-16' )
( NEWID(), '810', 'Pat', 'Levin', 'Jerman', 'ljermanmh@reuters.com', 'Male', '2002-01-26' )
( NEWID(), '811', 'Ozzie', 'Seward', 'Grenshiels', 'sgrenshielsmi@miitbeian.gov.cn', 'Male', '2012-02-16' )
( NEWID(), '812', 'Montgomery', '', 'Booker', 'vbookermj@illinois.edu', 'Male', '2011-01-17' )
( NEWID(), '813', 'Vasilis', '', 'Sammon', 'fsammonmk@domainmarket.com', 'Male', '2001-06-26' )
( NEWID(), '814', 'Fredric', '', 'Dumberrill', 'adumberrillml@kickstarter.com', 'Male', '2003-06-06' )
( NEWID(), '815', 'Cherianne', 'Lisette', 'Paulot', 'lpaulotmm@i2i.jp', 'Female', '1988-08-21' )
( NEWID(), '816', 'Jerrold', '', 'Mylechreest', 'smylechreestmn@dailymotion.com', 'Male', '2000-09-27' )
( NEWID(), '817', 'Daveta', '', 'Ostler', 'lostlermo@reverbnation.com', 'Female', '1984-01-29' )
( NEWID(), '818', 'Karrah', '', 'Markushkin', 'kmarkushkinmp@godaddy.com', 'Female', '1983-03-03' )
( NEWID(), '819', 'Godart', '', 'Girodon', 'bgirodonmq@flickr.com', 'Male', '1993-05-11' )
( NEWID(), '820', 'Annabela', '', 'Speight', 'cspeightmr@va.gov', 'Female', '1992-04-14' )
( NEWID(), '821', 'Turner', '', 'Sergent', 'lsergentms@artisteer.com', 'Male', '2007-12-15' )
( NEWID(), '822', 'Joe', 'Murvyn', 'Brazier', 'mbraziermt@walmart.com', 'Male', '1980-04-06' )
( NEWID(), '823', 'Kesley', '', 'Drysdale', 'mdrysdalemu@jugem.jp', 'Female', '2014-07-12' )
( NEWID(), '824', 'Florentia', '', 'Joselson', 'mjoselsonmv@godaddy.com', 'Genderqueer', '1999-06-07' )
( NEWID(), '825', 'Jennine', '', 'Treamayne', 'vtreamaynemw@weibo.com', 'Female', '1990-11-15' )
( NEWID(), '826', 'Stacee', 'Ulysses', 'Lavigne', 'ulavignemx@chronoengine.com', 'Male', '1993-02-07' )
( NEWID(), '827', 'Dynah', '', 'Ceccoli', 'pceccolimy@google.de', 'Female', '1989-03-03' )
( NEWID(), '828', 'Caterina', 'Luisa', 'Duberry', 'lduberrymz@oakley.com', 'Female', '2002-04-13' )
( NEWID(), '829', 'Delphine', '', 'Sire', 'wsiren0@wix.com', 'Female', '1997-06-01' )
( NEWID(), '830', 'Shell', '', 'Pyle', 'kpylen1@themeforest.net', 'Male', '1981-08-02' )
( NEWID(), '831', 'Parsifal', 'Gabbie', 'Sumpter', 'gsumptern2@berkeley.edu', 'Male', '2007-02-23' )
( NEWID(), '832', 'Raviv', '', 'Ingry', 'aingryn3@ca.gov', 'Female', '1980-11-09' )
( NEWID(), '833', 'Ulrika', '', 'Robbie', 'drobbien4@state.gov', 'Female', '1986-09-15' )
( NEWID(), '834', 'Alyosha', '', 'Linnell', 'flinnelln5@ow.ly', 'Male', '1981-08-26' )
( NEWID(), '835', 'Giuditta', '', 'Sunnex', 'ssunnexn6@upenn.edu', 'Female', '2005-08-05' )
( NEWID(), '836', 'Rex', 'Norbert', 'Edge', 'nedgen7@people.com.cn', 'Male', '2008-07-10' )
( NEWID(), '837', 'Cliff', 'Arron', 'Clint', 'aclintn8@gmpg.org', 'Male', '1999-01-12' )
( NEWID(), '838', 'Aurthur', 'Wildon', 'Flounders', 'wfloundersn9@uol.com.br', 'Male', '2014-03-07' )
( NEWID(), '839', 'Angela', '', 'Bletso', 'mbletsona@amazonaws.com', 'Female', '2012-11-08' )
( NEWID(), '840', 'Judd', '', 'Duerdin', 'rduerdinnb@yahoo.com', 'Male', '1984-09-15' )
( NEWID(), '841', 'Halie', '', 'Misk', 'kmisknc@cam.ac.uk', 'Female', '1981-03-22' )
( NEWID(), '842', 'Cristal', '', 'Viegas', 'bviegasnd@nature.com', 'Female', '2011-01-10' )
( NEWID(), '843', 'Noellyn', '', 'McInnery', 'bmcinneryne@unicef.org', 'Female', '2006-04-07' )
( NEWID(), '844', 'Jesus', '', 'Kitchener', 'ckitchenernf@cafepress.com', 'Male', '1997-01-16' )
( NEWID(), '845', 'Bevon', 'Torrin', 'Charlet', 'tcharletng@ning.com', 'Male', '1980-06-23' )
( NEWID(), '846', 'Carr', '', 'Daspar', 'kdasparnh@hhs.gov', 'Male', '1990-08-13' )
( NEWID(), '847', 'Sid', 'Eddie', 'Nand', 'enandni@shop-pro.jp', 'Male', '1996-04-25' )
( NEWID(), '848', 'Laney', '', 'Lanceley', 'rlanceleynj@bluehost.com', 'Female', '2007-01-13' )
( NEWID(), '849', 'Sullivan', 'Vaughn', 'Thowless', 'vthowlessnk@shinystat.com', 'Male', '1989-10-25' )
( NEWID(), '850', 'Wain', '', 'Tille', 'ttillenl@home.pl', 'Male', '2000-09-18' )
( NEWID(), '851', 'Reyna', '', 'Mirando', 'smirandonm@usnews.com', 'Female', '1991-01-05' )
( NEWID(), '852', 'Harrison', '', 'Baudi', 'mbaudinn@amazon.co.uk', 'Male', '2015-06-06' )
( NEWID(), '853', 'Berti', '', 'Bonas', 'cbonasno@ezinearticles.com', 'Male', '2002-12-13' )
( NEWID(), '854', 'Giorgia', 'Amie', 'Bischop', 'abischopnp@imageshack.us', 'Female', '2010-03-31' )
( NEWID(), '855', 'Chancey', 'Ham', 'Vigars', 'hvigarsnq@google.pl', 'Male', '2003-07-06' )
( NEWID(), '856', 'Anica', '', 'Edmund', 'medmundnr@chicagotribune.com', 'Female', '2000-12-13' )
( NEWID(), '857', 'Anstice', '', 'Whopples', 'owhopplesns@mac.com', 'Female', '2004-09-25' )
( NEWID(), '858', 'Patsy', '', 'Lovitt', 'dlovittnt@cbslocal.com', 'Female', '2003-08-22' )
( NEWID(), '859', 'Elva', '', 'Bellison', 'nbellisonnu@amazon.com', 'Female', '1999-06-25' )
( NEWID(), '860', 'Carlos', '', 'Chrystie', 'wchrystienv@list-manage.com', 'Male', '2015-01-13' )
( NEWID(), '861', 'Garek', 'Evan', 'Lossman', 'elossmannw@independent.co.uk', 'Male', '2012-10-11' )
( NEWID(), '862', 'Fabien', 'Harlan', 'Helsby', 'hhelsbynx@sina.com.cn', 'Male', '1998-03-29' )
( NEWID(), '863', 'Marlon', 'Chrissy', 'Seargeant', 'cseargeantny@feedburner.com', 'Male', '2001-04-29' )
( NEWID(), '864', 'Daria', 'Sally', 'Casaletto', 'scasalettonz@netvibes.com', 'Female', '2011-05-19' )
( NEWID(), '865', 'Arney', '', 'Bengoechea', 'sbengoecheao0@friendfeed.com', 'Male', '1984-10-02' )
( NEWID(), '866', 'Molli', 'Ardella', 'Detloff', 'adetloffo1@cloudflare.com', 'Female', '2011-07-06' )
( NEWID(), '867', 'Lowe', 'Townie', 'Battlestone', 'tbattlestoneo2@buzzfeed.com', 'Male', '1990-08-22' )
( NEWID(), '868', 'Ava', '', 'Wimms', 'awimmso3@goodreads.com', 'Female', '2001-07-29' )
( NEWID(), '869', 'Sheree', '', 'Charrisson', 'bcharrissono4@time.com', 'Female', '1983-06-10' )
( NEWID(), '870', 'Hali', '', 'Cameli', 'lcamelio5@symantec.com', 'Female', '1991-05-18' )
( NEWID(), '871', 'Dixie', '', 'Airdrie', 'gairdrieo6@google.com.br', 'Female', '2000-01-02' )
( NEWID(), '872', 'Otho', '', 'Leyton', 'kleytono7@storify.com', 'Male', '2004-10-18' )
( NEWID(), '873', 'Malvina', '', 'Jeal', 'rjealo8@is.gd', 'Female', '2010-05-22' )
( NEWID(), '874', 'Amity', 'Kameko', 'Squibb', 'ksquibbo9@nasa.gov', 'Female', '2009-10-08' )
( NEWID(), '875', 'Yorke', 'Paolo', 'Rummery', 'prummeryoa@boston.com', 'Male', '1984-01-27' )
( NEWID(), '876', 'Sandro', 'Gaston', 'Hanmore', 'ghanmoreob@hostgator.com', 'Male', '1984-01-24' )
( NEWID(), '877', 'Rori', 'Carrissa', 'Girtin', 'cgirtinoc@furl.net', 'Female', '1986-04-24' )
( NEWID(), '878', 'Kennedy', 'Skell', 'Addams', 'saddamsod@blog.com', 'Male', '2009-07-09' )
( NEWID(), '879', 'Renard', '', 'Rate', 'nrateoe@scientificamerican.com', 'Male', '2012-02-14' )
( NEWID(), '880', 'Thedric', '', 'Bonnavant', 'bbonnavantof@php.net', 'Male', '2006-04-08' )
( NEWID(), '881', 'Ray', '', 'Rudloff', 'brudloffog@amazonaws.com', 'Male', '2010-03-02' )
( NEWID(), '882', 'Britt', 'Garland', 'Arnott', 'garnottoh@skyrock.com', 'Female', '1984-03-11' )
( NEWID(), '883', 'Tad', 'Gustavus', 'Boram', 'gboramoi@sogou.com', 'Male', '1982-06-08' )
( NEWID(), '884', 'Perceval', 'Karlis', 'Crop', 'kcropoj@merriam-webster.com', 'Male', '1986-10-02' )
( NEWID(), '885', 'Corliss', 'Carolee', 'de Courcy', 'cdecourcyok@ted.com', 'Female', '2008-03-11' )
( NEWID(), '886', 'Sterne', 'Eldon', 'Dunsmore', 'edunsmoreol@archive.org', 'Male', '1988-03-08' )
( NEWID(), '887', 'Charo', 'Marina', 'Gounin', 'mgouninom@opensource.org', 'Female', '2005-03-12' )
( NEWID(), '888', 'Chelsey', '', 'Pritchard', 'cpritchardon@geocities.jp', 'Female', '1980-10-14' )
( NEWID(), '889', 'Diahann', 'Tamera', 'Leopold', 'tleopoldoo@goodreads.com', 'Female', '1988-08-12' )
( NEWID(), '890', 'Margaret', 'Kary', 'Gudgin', 'kgudginop@istockphoto.com', 'Female', '2000-03-03' )
( NEWID(), '891', 'Arthur', 'Ebony', 'Rosenhaus', 'erosenhausoq@themeforest.net', 'Genderfluid', '2013-02-25' )
( NEWID(), '892', 'Concordia', '', 'Purton', 'epurtonor@weather.com', 'Female', '1989-06-05' )
( NEWID(), '893', 'Preston', '', 'McLinden', 'amclindenos@marketwatch.com', 'Male', '2014-12-06' )
( NEWID(), '894', 'Warner', '', 'Dwane', 'hdwaneot@ox.ac.uk', 'Male', '1993-05-12' )
( NEWID(), '895', 'Kimberly', '', 'Olligan', 'dolliganou@mysql.com', 'Female', '2000-10-05' )
( NEWID(), '896', 'Zollie', '', 'Spadaro', 'rspadaroov@taobao.com', 'Male', '2013-10-28' )
( NEWID(), '897', 'Hilary', 'Faye', 'Brader', 'fbraderow@earthlink.net', 'Female', '1997-01-22' )
( NEWID(), '898', 'Noam', 'Remington', 'Iacovolo', 'riacovoloox@bravesites.com', 'Male', '2004-12-14' )
( NEWID(), '899', 'Ethelbert', '', 'Faithfull', 'jfaithfulloy@dot.gov', 'Male', '1980-07-15' )
( NEWID(), '900', 'Johnette', '', 'Foale', 'hfoaleoz@sfgate.com', 'Female', '1992-11-04' )
( NEWID(), '901', 'Bourke', 'Gardy', 'Simionescu', 'gsimionescup0@google.cn', 'Male', '1989-05-16' )
( NEWID(), '902', 'Nehemiah', 'Thadeus', 'Sexon', 'tsexonp1@domainmarket.com', 'Male', '1980-05-26' )
( NEWID(), '903', 'Gavin', '', 'Loader', 'eloaderp2@yellowbook.com', 'Male', '2010-05-31' )
( NEWID(), '904', 'Gussi', '', 'Lavrinov', 'mlavrinovp3@guardian.co.uk', 'Female', '2000-12-05' )
( NEWID(), '905', 'Hilton', 'Flory', 'Sealove', 'fsealovep4@cdc.gov', 'Male', '1999-08-12' )
( NEWID(), '906', 'Ninetta', '', 'McEwan', 'omcewanp5@npr.org', 'Female', '1980-08-06' )
( NEWID(), '907', 'Alexia', '', 'Rickets', 'cricketsp6@about.me', 'Female', '1995-08-05' )
( NEWID(), '908', 'Saundra', '', 'Bragginton', 'bbraggintonp7@about.me', 'Female', '2009-08-03' )
( NEWID(), '909', 'Sibylla', 'Michal', 'Kurt', 'mkurtp8@tinyurl.com', 'Female', '2009-09-15' )
( NEWID(), '910', 'Gideon', '', 'Cree', 'tcreep9@dion.ne.jp', 'Male', '1985-10-21' )
( NEWID(), '911', 'Bonnibelle', 'Christal', 'Aimer', 'caimerpa@ed.gov', 'Female', '1994-03-25' )
( NEWID(), '912', 'Kanya', '', 'Tann', 'htannpb@163.com', 'Female', '2007-05-26' )
( NEWID(), '913', 'Ashia', 'Lexi', 'Tewkesberrie', 'ltewkesberriepc@jiathis.com', 'Female', '1997-02-12' )
( NEWID(), '914', 'Willie', '', 'Fasson', 'cfassonpd@state.tx.us', 'Female', '1994-09-19' )
( NEWID(), '915', 'Stephine', '', 'Aizkovitch', 'kaizkovitchpe@dailymail.co.uk', 'Female', '2010-07-13' )
( NEWID(), '916', 'Erena', 'Lettie', 'Twede', 'ltwedepf@businessinsider.com', 'Female', '2002-08-15' )
( NEWID(), '917', 'Nata', '', 'Hallex', 'ehallexpg@squidoo.com', 'Female', '1997-06-02' )
( NEWID(), '918', 'Conant', 'Saxon', 'Eburne', 'seburneph@hc360.com', 'Male', '2014-09-07' )
( NEWID(), '919', 'Junette', '', 'Saffon', 'asaffonpi@pagesperso-orange.fr', 'Female', '1995-05-18' )
( NEWID(), '920', 'Sutherland', 'Beale', 'Matthensen', 'bmatthensenpj@facebook.com', 'Male', '2011-07-30' )
( NEWID(), '921', 'Thane', 'Ernst', 'Hollyar', 'ehollyarpk@google.it', 'Male', '1994-06-28' )
( NEWID(), '922', 'Beatriz', '', 'Exter', 'dexterpl@mtv.com', 'Female', '1996-05-06' )
( NEWID(), '923', 'Nichol', 'Stace', 'Barker', 'sbarkerpm@free.fr', 'Female', '2009-03-02' )
( NEWID(), '924', 'Sampson', '', 'Muino', 'vmuinopn@theglobeandmail.com', 'Male', '1984-01-15' )
( NEWID(), '925', 'Ado', '', 'Arpe', 'garpepo@businesswire.com', 'Male', '2006-11-04' )
( NEWID(), '926', 'Jessalin', 'Sybilla', 'Artus', 'sartuspp@dion.ne.jp', 'Female', '2013-10-12' )
( NEWID(), '927', 'Tillie', '', 'Gouldie', 'agouldiepq@xinhuanet.com', 'Female', '1988-01-12' )
( NEWID(), '928', 'Peirce', '', 'Feria', 'sferiapr@livejournal.com', 'Male', '2009-08-21' )
( NEWID(), '929', 'Kendricks', 'Berton', 'Abramsky', 'babramskyps@comsenz.com', 'Genderqueer', '1993-09-17' )
( NEWID(), '930', 'Hervey', '', 'Gounel', 'mgounelpt@indiegogo.com', 'Male', '1983-06-29' )
( NEWID(), '931', 'Bernhard', 'Weylin', 'Johnsson', 'wjohnssonpu@ezinearticles.com', 'Male', '1988-10-28' )
( NEWID(), '932', 'Clemence', '', 'Heaysman', 'aheaysmanpv@npr.org', 'Female', '2004-07-08' )
( NEWID(), '933', 'Romola', '', 'Ethington', 'gethingtonpw@businessweek.com', 'Female', '2010-10-30' )
( NEWID(), '934', 'Vina', '', 'Buckhurst', 'obuckhurstpx@moonfruit.com', 'Female', '2014-07-10' )
( NEWID(), '935', 'Lindie', 'Annabell', 'McArdle', 'amcardlepy@gravatar.com', 'Female', '1997-10-30' )
( NEWID(), '936', 'Josephine', 'Hedvig', 'Ashness', 'hashnesspz@admin.ch', 'Female', '2005-06-28' )
( NEWID(), '937', 'Robenia', 'Janean', 'Lipsett', 'jlipsettq0@github.io', 'Female', '1997-06-16' )
( NEWID(), '938', 'Malvina', 'Margie', 'Meece', 'mmeeceq1@angelfire.com', 'Female', '2015-10-16' )
( NEWID(), '939', 'Jenny', 'Horatia', 'Crammy', 'hcrammyq2@oakley.com', 'Female', '1986-02-08' )
( NEWID(), '940', 'Loree', 'Rochelle', 'Johnston', 'rjohnstonq3@oaic.gov.au', 'Female', '1988-08-12' )
( NEWID(), '941', 'Jeremie', '', 'Sowter', 'ksowterq4@hhs.gov', 'Male', '1988-02-06' )
( NEWID(), '942', 'Barnett', '', 'Farryann', 'lfarryannq5@youku.com', 'Agender', '1994-03-06' )
( NEWID(), '943', 'Freedman', 'Herculie', 'Dorracott', 'hdorracottq6@dagondesign.com', 'Male', '2009-04-07' )
( NEWID(), '944', 'Drake', 'Theodor', 'Molder', 'tmolderq7@cocolog-nifty.com', 'Male', '1990-12-03' )
( NEWID(), '945', 'Galvin', '', 'Lynskey', 'slynskeyq8@youtube.com', 'Male', '1986-05-08' )
( NEWID(), '946', 'Demetre', '', 'Kolin', 'ikolinq9@creativecommons.org', 'Genderfluid', '2001-11-19' )
( NEWID(), '947', 'Margarethe', 'Stefa', 'Zettoi', 'szettoiqa@moonfruit.com', 'Female', '1996-04-19' )
( NEWID(), '948', 'Blondy', '', 'Elloway', 'mellowayqb@stanford.edu', 'Female', '2015-03-12' )
( NEWID(), '949', 'Freddie', 'Barrie', 'Mathou', 'bmathouqc@webs.com', 'Female', '1983-01-19' )
( NEWID(), '950', 'Margaretha', 'Iormina', 'Jennick', 'ijennickqd@bravesites.com', 'Female', '2000-07-11' )
( NEWID(), '951', 'Brittani', '', 'Pauer', 'opauerqe@flavors.me', 'Female', '1986-05-08' )
( NEWID(), '952', 'Phillipp', '', 'Jaram', 'jjaramqf@cnn.com', 'Female', '1986-10-29' )
( NEWID(), '953', 'Salvidor', '', 'Pallas', 'spallasqg@bigcartel.com', 'Genderqueer', '1991-05-01' )
( NEWID(), '954', 'Avrom', 'Natassia', 'Guerri', 'nguerriqh@wufoo.com', 'Genderfluid', '1983-02-13' )
( NEWID(), '955', 'Ariela', 'Lynelle', 'Attride', 'lattrideqi@springer.com', 'Female', '2002-09-09' )
( NEWID(), '956', 'Brittni', 'Bennie', 'Sixsmith', 'bsixsmithqj@cnn.com', 'Female', '1993-08-30' )
( NEWID(), '957', 'Kellsie', '', 'Mozzi', 'bmozziqk@hhs.gov', 'Female', '2009-05-17' )
( NEWID(), '958', 'Ford', 'Branden', 'Blazej', 'bblazejql@abc.net.au', 'Male', '1980-02-26' )
( NEWID(), '959', 'Bunnie', 'Eleanore', 'Beardsley', 'ebeardsleyqm@freewebs.com', 'Female', '2001-04-15' )
( NEWID(), '960', 'May', 'Alyce', 'Tregido', 'atregidoqn@irs.gov', 'Female', '1985-02-15' )
( NEWID(), '961', 'Sella', '', 'Esmonde', 'jesmondeqo@stanford.edu', 'Female', '2000-03-02' )
( NEWID(), '962', 'Bonny', '', 'Erley', 'derleyqp@nytimes.com', 'Female', '1996-04-08' )
( NEWID(), '963', 'Atalanta', '', 'Freiburger', 'hfreiburgerqq@npr.org', 'Female', '1987-12-15' )
( NEWID(), '964', 'Kaine', 'Orren', 'Hazelhurst', 'ohazelhurstqr@nifty.com', 'Male', '1993-04-22' )
( NEWID(), '965', 'Rebecca', '', 'Clampin', 'kclampinqs@trellian.com', 'Female', '1991-01-22' )
( NEWID(), '966', 'Blayne', '', 'Locks', 'elocksqt@printfriendly.com', 'Male', '1990-02-02' )
( NEWID(), '967', 'Oswald', '', 'Bonifacio', 'lbonifacioqu@cnbc.com', 'Male', '1983-12-27' )
( NEWID(), '968', 'Bendite', 'Estel', 'Wogan', 'ewoganqv@miibeian.gov.cn', 'Female', '2010-09-10' )
( NEWID(), '969', 'Tessie', 'Cesya', 'Sommersett', 'csommersettqw@123-reg.co.uk', 'Female', '1981-11-24' )
( NEWID(), '970', 'Georgia', 'Catlaina', 'Cowely', 'ccowelyqx@123-reg.co.uk', 'Female', '2009-02-23' )
( NEWID(), '971', 'Trey', 'Dre', 'Aucourte', 'daucourteqy@google.ru', 'Genderqueer', '1999-11-06' )
( NEWID(), '972', 'Dorice', 'Katlin', 'MacDowall', 'kmacdowallqz@ucsd.edu', 'Female', '2011-08-28' )
( NEWID(), '973', 'Twila', '', 'Coggen', 'kcoggenr0@opensource.org', 'Female', '1994-01-17' )
( NEWID(), '974', 'Liza', '', 'Patterfield', 'hpatterfieldr1@businessweek.com', 'Female', '1984-09-23' )
( NEWID(), '975', 'Nate', '', 'Robertz', 'jrobertzr2@usda.gov', 'Male', '1990-04-22' )
( NEWID(), '976', 'Hiram', 'Garrek', 'Ninnotti', 'gninnottir3@mtv.com', 'Male', '1999-07-08' )
( NEWID(), '977', 'Cristionna', '', 'Pavinese', 'apavineser4@si.edu', 'Female', '2005-12-18' )
( NEWID(), '978', 'Lee', '', 'Bernetti', 'gbernettir5@huffingtonpost.com', 'Male', '1992-08-30' )
( NEWID(), '979', 'Marve', '', 'Skeat', 'lskeatr6@unesco.org', 'Male', '2008-12-16' )
( NEWID(), '980', 'Tammi', '', 'Goodchild', 'egoodchildr7@360.cn', 'Female', '2014-04-23' )
( NEWID(), '981', 'Ros', 'Spence', 'Boyton', 'sboytonr8@wp.com', 'Female', '1984-07-06' )
( NEWID(), '982', 'Ginelle', 'Carrie', 'Teasell', 'cteasellr9@newyorker.com', 'Female', '2011-11-28' )
( NEWID(), '983', 'Zola', 'Fanchette', 'Petracchi', 'fpetracchira@acquirethisname.com', 'Female', '1981-01-05' )
( NEWID(), '984', 'Alaine', '', 'Kenn', 'wkennrb@gmpg.org', 'Female', '2003-11-12' )
( NEWID(), '985', 'Creigh', 'Hillard', 'Stonary', 'hstonaryrc@jimdo.com', 'Male', '1991-05-09' )
( NEWID(), '986', 'Minnie', '', 'Clutterham', 'aclutterhamrd@imdb.com', 'Female', '1995-10-07' )
( NEWID(), '987', 'Armand', 'Dewitt', 'Iwanicki', 'diwanickire@miitbeian.gov.cn', 'Male', '2013-12-02' )
( NEWID(), '988', 'Emmott', '', 'Jope', 'sjoperf@xinhuanet.com', 'Male', '2007-12-03' )
( NEWID(), '989', 'Skye', '', 'Fatharly', 'lfatharlyrg@virginia.edu', 'Male', '2010-02-24' )
( NEWID(), '990', 'Marlowe', 'Waring', 'Jerrard', 'wjerrardrh@goo.ne.jp', 'Male', '1995-10-31' )
( NEWID(), '991', 'Guthrey', 'Rogerio', 'Vasilenko', 'rvasilenkori@a8.net', 'Male', '1983-08-05' )
( NEWID(), '992', 'Blanca', 'Gabie', 'Iron', 'gironrj@goodreads.com', 'Female', '1990-08-09' )
( NEWID(), '993', 'Roger', 'Luigi', 'Walby', 'lwalbyrk@feedburner.com', 'Male', '1997-12-11' )
( NEWID(), '994', 'Celisse', '', 'Rennebach', 'srennebachrl@photobucket.com', 'Female', '2005-07-25' )
( NEWID(), '995', 'Lefty', '', 'Smalley', 'lsmalleyrm@creativecommons.org', 'Male', '2003-01-29' )
( NEWID(), '996', 'Elissa', 'Aurilia', 'Strelitzki', 'astrelitzkirn@stumbleupon.com', 'Female', '1987-10-07' )
( NEWID(), '997', 'Dalila', 'Merissa', 'Uzzell', 'muzzellro@dot.gov', 'Agender', '2015-09-21' )
( NEWID(), '998', 'Sheppard', 'Diego', 'Greenmon', 'dgreenmonrp@g.co', 'Male', '1984-06-10' )
( NEWID(), '999', 'Tommie', 'Arly', 'McCotter', 'amccotterrq@so-net.ne.jp', 'Female', '2013-03-18' )
( NEWID(), '1000', 'Garvey', '', 'Growcott', 'jgrowcottrr@goo.ne.jp', 'Male', '1999-04-05' )